Warning: in _ReportErrors at line 3316 of /opt/USD/pxr/usd/usd/stage.cpp -- In </World/robot_assembly/world/visuals>: Unresolved reference prim path @/home/oceanshape/strawberry_grasp_environment/strawberry_harvest/assets/robot/doosan_e0509_rh_p12_rn/configuration/robot_physics.usd@</visuals/world> introduced by @/home/oceanshape/strawberry_grasp_environment/strawberry_harvest/assets/robot/doosan_e0509_rh_p12_rn/configuration/robot_base.usd@</strawberry_grasp_robot/world/visuals> (instantiating stage on stage @/home/oceanshape/strawberry_grasp_environment/strawberry_harvest/scenes/main_scene.usd@ <0x64493bf51320>)
보드 기하 (5곳이 한 세트)
  OK   layout_layer  보드 앞면                        0.8100
  OK   layout_layer  board_guard                  0.9100 (기대 0.9100 = 보드 + 0.10)
  OK   layout_layer  딸기 y                         0.7828 (기대 0.7828 = 보드 - 0.0272)
  OK   physics_layer localPos0                    0.7828 (딸기와 동일해야 함)
  OK   harvest_params WALL_SURFACE_Y_M            0.8100
  OK   scan_executor  BOARD_SURFACE_Y_M           0.8100
  OK   fake_vision    board_surface_y_m           0.8100
  OK   cuRobo 상자 앞면  src/e0509_gripper_description/config/environment.yaml 0.8100
  OK   cuRobo 상자 앞면  src/strawberry_motion/config/environment.yaml 0.8100
  OK   cuRobo 상자 앞면  scan_collision_world         0.8100

분할 격자 (2곳이 같아야 함)
  OK   scan_executor    x_mid / z_mid             0.050 / 0.660
  OK   quadrant_filter  x_mid / z_mid             0.050 / 0.660

툴 · 파지
  OK   bridge tool_tcp_offset_m                   0.236 (T3 의 ee_to_tcp_offset_m 과 같아야 함)
  OK   파지 오프셋 사다리 <= 조우 물림 한계                     최대 25mm / 물림 한계 27mm  (넘으면 조우가 줄기 앞에서 닫힌다)
  OK   첫 오프셋이 물림 구간 안                             15mm  (구간 -6~27mm)
  OK   bridge z bias == planner pick_target_z_bias_m 0.035  (T3 인자와 같아야 함)
  OK   충돌 활성거리 플래너 == 브릿지                         0.005 / 0.005  (실기는 벽 없음=0, 시뮬은 5mm 로 통일)
  OK   gripper_close_rad <= USD rh_r2/rh_l2 상한    닫힘 1.080 rad / 상한 1.100 rad (63.025 deg)
  OK   gripper_close_rad (파츠 간격)                  1.080 rad -> 파츠 간격 0.3mm. 1.0 이면 9.4mm 로 줄기를 못 문다

순회
  OK   _ALL_CELLS_ZORDER 첫 셀                      root/nw (실기 순서 nw->ne->se->sw)

전부 정합 (docs/parameters.md 기준)

[run_nodes] 로그: /home/oceanshape/strawberry_grasp_environment/run_logs/20260915_162020  (run_logs/latest 로도 열린다)

[vision]  [INFO] [1789456820.515989197] [fake_vision_node]: Fake Vision Node initialized. (Mocking strawberry_fusion_node) quadrant_filter=True subcell_view=True
[vision]  [harvest_probe] 계측 부착: role=vision -> /tmp/harvest_hud_vision.json
[vision]  [WARN] [1789456820.726267101] [fake_vision_node]: BERRY_GEOMETRY: n=8  y=782.8~782.8mm  (기대 782.8mm, 편차 0.0mm)
[bridge]  [INFO] [1789456823.146930714] [sim_executor_bridge_node]: Sim Executor Bridge Node initializing...
[bridge]  [WARN] [1789456823.537353131] [sim_executor_bridge_node]: MOVELINE_COLLISION_WORLD: ['whiteboard'] loaded from /home/oceanshape/strawberry_grasp_environment/install/e0509_gripper_description/share/e0509_gripper_description/config/environment.yaml
[bridge]  [INFO] [1789456823.943525608] [sim_executor_bridge_node]: cuRobo IK Solver successfully initialized for MoveLine.
[bridge]  [WARN] [1789456823.943818310] [sim_executor_bridge_node]: GRASP_JUDGE_MODEL: tool_tcp_offset=236mm capture_radius=38mm enabled=True sim_speed_scale=1.0 gripper_close=1.080rad arm_arrival_tol=0.30deg — planner 의 ee_to_tcp_offset_m 과 반드시 같아야 한다 (다르면 전 타겟 GRASP_EMPTY)
[bridge]  [WARN] [1789456823.944034095] [sim_executor_bridge_node]: DOOSAN_MOVEIT_REF: vel=[120, 120, 150, 225, 225, 225] acc=[120, 120, 150, 225, 225, 225] deg/s,deg/s^2 (dsr_moveit_config_e0509/config/joint_limits.yaml) — 초과해도 자르지 않고 기록만 (D3)
[bridge]  [INFO] [1789456823.944203097] [sim_executor_bridge_node]: Sim Executor Bridge Node Ready! (Listening to Doosan & Gripper services)
[bridge]  [harvest_probe] 계측 부착: role=controller -> /tmp/harvest_hud_controller.json

[run_nodes] cuRobo Planner warmup 대기 중 (수십 초)...
[planner] [WARN] [1789456827.312526604] [curobo_planner_node]: EE_TO_TCP_OFFSET_OVERRIDE: 160mm -> 236mm (profile=legacy_160mm)
[scan]    [INFO] [1789456827.316095254] [scan_executor_node]: Loaded 4 scan targets from /home/oceanshape/strawberry_grasp_environment/install/strawberry_motion/share/strawberry_motion/config/scan_pose_candidates_refit_candidate.yaml
[scan]    [INFO] [1789456827.316309508] [scan_executor_node]: MoveJoint speeds: scan vel=120.0 acc=180.0, overview return vel=120.0 acc=180.0
[scan]    [INFO] [1789456827.316461938] [scan_executor_node]: MoveJoint service dispatch timeout: 30.0s; arrival is verified from /joint_states
[scan]    [INFO] [1789456827.945251801] [scan_executor_node]: SUBDIVIDE_IK_READY min_candidates=3 max_joint_delta=60deg seeds=32 init=0.6s subcell_ee_y=0.433
[scan]    [INFO] [1789456827.954566648] [scan_executor_node]: scan_executor_node ready; explicit /strawberry/scan/start required
[scan]    [harvest_probe] 계측 부착: role=scan -> /tmp/harvest_hud_scan.json
[scan]    [INFO] [1789456828.167380995] [scan_executor_node]: START_ACCEPTED explicit request; initial pose verified
[scan]    [INFO] [1789456828.168566574] [scan_executor_node]: TRAVERSAL_SCAN_STARTED cells=['root/nw', 'root/ne', 'root/se', 'root/sw'] (4/4 quadrants)
[scan]    [INFO] [1789456828.169158939] [scan_executor_node]: OVERVIEW_SCAN_STARTED — scene_positions 로 분면별 익은 과실 판정, 최대 3.0s
[scan]    [INFO] [1789456831.172170460] [scan_executor_node]: OVERVIEW_SCAN nw:2  ne:1  se:1  sw:4
[scan]    [INFO] [1789456831.172632375] [scan_executor_node]: MOVING_TO root/nw  endpoint_deg=[144.1 22.9 -1.0 -238.5 -75.3 108.7]  (direct MoveJoint, YAML pose)
[scan]    [INFO] [1789456831.172940302] [scan_executor_node]: Joint equivalent rewrite J4 -238.5 -> 121.5 deg (current 175.9, shorter by 360.0 deg)
[vision]  [INFO] [1789456831.173138299] [fake_vision_node]: SCAN_CELL root/nw (SCANNING) -> 시야 = x[-0.495,0.050] z[0.660,1.055]
[scan]    [INFO] [1789456831.173179465] [scan_executor_node]: Joint equivalent rewrite J4 -238.5 -> 121.5 deg (current 175.9, shorter by 360.0 deg)
[bridge]  [INFO] [1789456831.174395500] [sim_executor_bridge_node]: MoveJoint called to [144.1, 22.9, -1.0, 121.5, -75.3, 108.7] (vel=120 acc=180 time=0.00)
[bridge]  [WARN] [1789456831.174863827] [sim_executor_bridge_node]: MOVEJ_OVER_DOOSAN_MOVEIT J2 acc 162>120  J3 acc 180>150 — 두산 공식 MoveIt 설정 초과, 자르지 않고 실행
[bridge]  [INFO] [1789456832.933534289] [sim_executor_bridge_node]: MoveJoint profile: span 130.9deg / 1.76s (352 steps)
[bridge]  [INFO] [1789456833.198047534] [sim_executor_bridge_node]: ARM_ARRIVAL MoveJoint: 잔차 0.28deg (손끝 0.6mm) / 대기 0.26s
[scan]    [INFO] [1789456833.227059218] [scan_executor_node]: MoveJoint response: success=True  target=[144.1 22.9 -1.0 121.5 -75.3 108.7]  vel=120.0  acc=180.0
[scan]    [INFO] [1789456833.227430537] [scan_executor_node]: AT_SCAN_POSE root/nw joints_deg=[144.0 22.8 -0.8 121.6 -75.3 108.7] — adaptive detection wait up to 3.0s
[planner] [INFO] [1789456835.872203213] [curobo_planner_node]: cuRobo MotionGen warmed up!
[planner] [INFO] [1789456835.888262725] [curobo_planner_node]: cuRobo Planner Ready!
[planner] [INFO] [1789456835.888435071] [curobo_planner_node]: Runtime JSONL: /home/oceanshape/strawberry_grasp_environment/src/e0509_gripper_description/logs/runtime/2026-09-15/curobo_planner_node_20260915T162027-fad7a25d.jsonl
[planner] [INFO] [1789456835.888934126] [curobo_planner_node]:   ENV_CUBOIDS=1  SELF_COLLISION=False
[planner] [WARN] [1789456835.889115811] [curobo_planner_node]: Leaf/stem geometry is not in the cuRobo world; visually occluded targets require reobserve/skip instead of forced approach
[planner] [INFO] [1789456835.889375677] [curobo_planner_node]:   WALL_QUAT_WXYZ=[0.497, -0.497, 0.503, 0.503] approach_dir=[0.0, 1.0, -0.0] elevation=-0.0deg  variants=4
[planner] [INFO] [1789456835.889574974] [curobo_planner_node]:   LEFTMOST horizontal fallback x_corr=+5mm offsets_mm=[15, 20, 25] extra_request=0mm wall_margin=-30mm wall_override=False pre_approach=60mm
[planner] [WARN] [1789456835.889751420] [curobo_planner_node]:   TOOL_GEOMETRY_LEGACY: planner offset=160mm, measured grasp center=260mm (model shortfall=100mm).
[planner] [INFO] [1789456835.889895491] [curobo_planner_node]:   environment loaded: /home/oceanshape/strawberry_grasp_environment/src/e0509_gripper_description/config/environment.yaml
[planner] [INFO] [1789456835.890043985] [curobo_planner_node]:   marker place: enabled=True release=True taught_slot0_reference=True hold_after_slot0=False hold_on_failure=False open_stem_descent=True straight_reverse_retreat=True slot_sequence=[0, 1, 3, 4, 6, 7, 9, 10] slot_step=1 skip_row2=False orthogonalize_taught_grid=True taught_grid_shift_y_m=0.0452 taught_grid_pitch_override_m=0.0680 allow_generated_slot_release=True allow_unverified_grasp=False max_age=3600s
[planner] [INFO] [1789456835.890184884] [curobo_planner_node]:   SafeGrasp: enabled=False target=700 max_current=400 delta_threshold=40 timeout=5.0s contact_pos<=685 empty_pos>=695
[planner] [INFO] [1789456835.890324551] [curobo_planner_node]:   grasp verification: position-only (contact <= 685, empty >= 695; current is logged only)
[planner] [harvest_probe] 계측 부착: role=planner -> /tmp/harvest_hud_planner.json

──────────────────────────────────────────────────────────
 기동 로그 대조
──────────────────────────────────────────────────────────
  OK   MoveLine 충돌월드 로드 (없으면 이동 중 보드 관통)
  OK   브릿지 TCP 오프셋 236mm (다르면 전 타겟 GRASP_EMPTY)
  OK   도착 판정 허용오차 0.30deg (1.50 이면 배치·파지가 손끝 RMS 23.6mm 로 흔들린다)
  OK   플래너 TCP 오프셋 160→236mm (없으면 툴을 짧게 보고 관통)
  OK   열린 조우 하강 단계
  OK   진입 역순 후퇴 단계
  OK   배치 슬롯 진행 0,1,3,4,6,7,9,10 (인접 8칸 — 익은 과실 8개; 열 2·5·8 은 IK_FAIL)
  OK   배치 격자 직교화 (false 면 티칭 평행사변형 84.26° 그대로 — 계란판과 어긋난다)
  OK   배치 격자 정사각 피치 68mm (0 이면 실기 59.8×51.2 — 4차 계란판 컵 격자와 어긋나 과실이 옆 컵으로 간다)
  OK   배치 격자 y +45.2mm 평행이동 (계란판 중점 = 테이블 중심축; 0 이면 과실이 컵에서 y 로 45mm 벗어난다)
  OK   scan_executor 기동
  OK   적응 분할 IK 솔버 (없으면 SUBDIVIDE_DISABLED — 분할 없이 부모 자세 pick 으로 돈다)
  OK   cuRobo Planner Ready!
──────────────────────────────────────────────────────────
 전부 정합. Isaac Sim 이 Play 상태이고 로봇이 overview 자세인지 확인한 뒤,
 터미널 3 에서:

   ros2 service call /strawberry/scan/start std_srvs/srv/Trigger
──────────────────────────────────────────────────────────

[scan]    [INFO] [1789456836.232405551] [scan_executor_node]: TARGET_FOUND root/nw 6 pick candidate(s) detected
[scan]    [INFO] [1789456836.233007559] [scan_executor_node]: SUBCELL_SCAN_ORDER root/nw root/nw/sw:0  root/nw/se:1  root/nw/nw:1  root/nw/ne:0
[scan]    [INFO] [1789456836.233403052] [scan_executor_node]: SUBDIVIDE_SKIP root/nw candidates=2 < 3 — 잎(leaf), 부모 자세에서 pick
[scan]    [INFO] [1789456836.233863402] [scan_executor_node]: SUBCELL_EMPTY root/nw/sw no pick candidate
[scan]    [INFO] [1789456836.234479624] [scan_executor_node]: PICK_SEQUENCE_START root/nw/se — 1 candidate targets (raw=1 skipped_attempted=0)
[scan]    [INFO] [1789456836.234902574] [scan_executor_node]: PICK_ALL_DETECTED_TARGETS root/nw/se timeout=60s max_total_picks=0
[scan]    [INFO] [1789456836.236156304] [scan_executor_node]: PICK_ATTEMPT_BLACKLIST_ADD pos=(-160,783,695)mm radius=25mm
[scan]    [INFO] [1789456836.236660281] [scan_executor_node]: PICK_TRIGGER root/nw/se 1/1 pos=(-160,783,695)mm
[planner] [INFO] [1789456836.287956387] [curobo_planner_node]: Operation speed set to 100%
[planner] [INFO] [1789456836.289165851] [curobo_planner_node]: === PICK 딸기 raw=(-160,783,695)mm grasp=(-160,783,730)mm det_y=783mm x_bias=+0mm z_bias=+35mm ===
[planner] [INFO] [1789456836.289481258] [curobo_planner_node]: 1 open gripper for stem descent: set_position=600
[bridge]  [INFO] [1789456836.290338692] [sim_executor_bridge_node]: SetPosition called to 600
[planner] [INFO] [1789456836.341913268] [curobo_planner_node]: World updated (neighbor obstacles registered): static=1 dynamic=0 neighbor_spheres=0
[planner] [INFO] [1789456836.342318131] [curobo_planner_node]: Registered 0 neighbor sphere obstacle(s); self-excluded 0 within 50mm of target
[planner] [INFO] [1789456836.342937757] [curobo_planner_node]: 2 grasp (CuRobo 2-step 6cm pre) — trying 3 offsets × 4 quats | target=(-160,783,730)mm | start_J1=144.1°
[planner] [INFO] [1789456837.801610339] [curobo_planner_node]: Plan OK 1458ms 31pts 0.56s | goal=['-160', '491', '811']mm | end_J=[116.4, 17.8, 23.1, 150.7, -63.4, 109.7]deg
[bridge]  [INFO] [1789456837.891639371] [sim_executor_bridge_node]: SetPosition called to 600
[planner] [INFO] [1789456839.116123216] [curobo_planner_node]: Plan OK 1313ms 31pts 0.56s | goal=['-160', '536', '803']mm | end_J=[113.6, 29.1, 6.5, 154.7, -67.4, 105.3]deg
[planner] [INFO] [1789456839.117772206] [curobo_planner_node]: Spline 12pts plan=0.56s exec=0.58s -> end=['116.4', '17.8', '23.1', '150.7', '-63.4', '109.7']deg
[bridge]  [INFO] [1789456839.119270936] [sim_executor_bridge_node]: MoveSplineJoint called with 12 points
[bridge]  [INFO] [1789456839.991529685] [sim_executor_bridge_node]: ARM_ARRIVAL MoveSpline: 잔차 0.29deg (손끝 2.2mm) / 대기 0.28s
[bridge]  [INFO] [1789456839.991726746] [sim_executor_bridge_node]: MoveSpline ok: 12 pts / 0.58s -> end=[116.4 17.8 23.1 150.7 -63.4 109.7]deg
[planner] [INFO] [1789456840.019897844] [curobo_planner_node]: PRE_APPROACH_REACHED — settling 0.3s before 45mm straight approach
[planner] [INFO] [1789456840.320711675] [curobo_planner_node]: FINAL_APPROACH_STRAIGHT TOOL +Z 45.0mm vel=60.0mm/s
[bridge]  [INFO] [1789456840.322201893] [sim_executor_bridge_node]: MoveLine called (pos=[ 0.  0. 45.  0.  0.  0.], ref=1, mode=1)
[bridge]  [INFO] [1789456844.605010720] [sim_executor_bridge_node]: ARM_ARRIVAL MoveLine: 잔차 0.27deg (손끝 1.7mm) / 대기 0.20s
[bridge]  [INFO] [1789456844.605432204] [sim_executor_bridge_node]: MOVELINE_END_ERR: along=+1.2mm lateral=1.2mm |err|=1.7mm (명령 45mm, TOOL)
[bridge]  [INFO] [1789456844.605605456] [sim_executor_bridge_node]: MoveLine 실이동 46.2mm / 명령 45mm
[bridge]  [INFO] [1789456844.605746628] [sim_executor_bridge_node]: MoveLine ok: 45mm / 23 steps / 계획 0.75s 실소요 4.28s (worst step joint delta 1.5deg)
[planner] [INFO] [1789456844.629970075] [curobo_planner_node]: GRASP_POSE_REACHED — offset=+0.015m pre=6cm+45mm+0mm variant=('base', [1, 0, 0], -10.0) elevation=-10.0deg (attempt 1/12)
[planner] [WARN] [1789456844.630621388] [curobo_planner_node]: OPEN_DESCENT_DYNAMIC: kp1_z=730mm reached_z=762mm overshoot=33mm extra_below_kp1=0mm -> descent=33mm
[planner] [INFO] [1789456844.631030638] [curobo_planner_node]: OPEN_STEM_DESCENT — gripper=600, BASE -Z 33mm to KP1
[planner] [INFO] [1789456844.631410693] [curobo_planner_node]: OPEN_STEM_DESCENT BASE REL xyz=[np.float64(0.0), np.float64(0.0), np.float64(-32.6)]mm dist=32.6mm vel=40.0mm/s
[bridge]  [INFO] [1789456844.632719810] [sim_executor_bridge_node]: MoveLine called (pos=[  0.           0.         -32.60535644   0.           0.
[bridge]     0.        ], ref=0, mode=1)
[bridge]  [INFO] [1789456847.575882406] [sim_executor_bridge_node]: ARM_ARRIVAL MoveLine: 잔차 0.25deg (손끝 1.4mm) / 대기 0.10s
[bridge]  [INFO] [1789456847.576406779] [sim_executor_bridge_node]: MOVELINE_END_ERR: along=+0.7mm lateral=1.2mm |err|=1.4mm (명령 33mm, BASE)
[bridge]  [INFO] [1789456847.576561586] [sim_executor_bridge_node]: MoveLine 실이동 33.4mm / 명령 33mm
[bridge]  [INFO] [1789456847.576707880] [sim_executor_bridge_node]: MoveLine ok: 33mm / 17 steps / 계획 0.82s 실소요 2.94s (worst step joint delta 3.3deg)
[planner] [INFO] [1789456847.586134757] [curobo_planner_node]: 3 close gripper + verify grasp
[bridge]  [INFO] [1789456847.587326373] [sim_executor_bridge_node]: SetPosition called to 700
[bridge]  [INFO] [1789456847.590756261] [sim_executor_bridge_node]: GRASP_JUDGE 줄기기준 along=+10.8mm(조우 -6~27) lateral=7.2mm(허용20) | 과실기준 d_tcp=32.3mm -> CONTACT
[bridge]  [INFO] [1789456847.590980166] [sim_executor_bridge_node]: GRASP_ATTACH 과실 (-160, 783, 695)mm -> /sim/grasp_event
[planner] [INFO] [1789456847.987350533] [curobo_planner_node]: VERIFY_GRASP: GRASP_CONTACT_DETECTED present_pos=670 current_raw=200 — jaw stopped before calibrated contact threshold (pos=670 <= 685); position-based grasp detected
[planner] [INFO] [1789456847.987896322] [curobo_planner_node]: 4 detach pull — BASE -Z 40mm at 50mm/s
[bridge]  [INFO] [1789456847.988996381] [sim_executor_bridge_node]: MoveLine called (pos=[  0.   0. -40.   0.   0.   0.], ref=0, mode=1)
[bridge]  [INFO] [1789456851.196523134] [sim_executor_bridge_node]: ARM_ARRIVAL MoveLine: 잔차 0.27deg (손끝 1.0mm) / 대기 0.08s
[bridge]  [INFO] [1789456851.197111934] [sim_executor_bridge_node]: MOVELINE_END_ERR: along=+0.2mm lateral=0.9mm |err|=1.0mm (명령 40mm, BASE)
[bridge]  [INFO] [1789456851.197277717] [sim_executor_bridge_node]: MoveLine 실이동 40.2mm / 명령 40mm
[bridge]  [INFO] [1789456851.197426526] [sim_executor_bridge_node]: MoveLine ok: 40mm / 20 steps / 계획 0.80s 실소요 3.21s (worst step joint delta 0.9deg)
[planner] [INFO] [1789456851.243426253] [curobo_planner_node]: DETACH_PULL_DOWN: BASE -Z 40mm -> OK
[planner] [INFO] [1789456851.243961026] [curobo_planner_node]: RETREAT TOOL -Z 45.0mm vel=80.0mm/s
[bridge]  [INFO] [1789456851.245091751] [sim_executor_bridge_node]: MoveLine called (pos=[  0.   0. -45.   0.   0.   0.], ref=1, mode=1)
[bridge]  [INFO] [1789456854.611171235] [sim_executor_bridge_node]: ARM_ARRIVAL MoveLine: 잔차 0.30deg (손끝 2.7mm) / 대기 0.04s
[bridge]  [INFO] [1789456854.611602427] [sim_executor_bridge_node]: MOVELINE_END_ERR: along=-2.6mm lateral=1.0mm |err|=2.7mm (명령 45mm, TOOL)
[bridge]  [INFO] [1789456854.611785755] [sim_executor_bridge_node]: MoveLine 실이동 42.4mm / 명령 45mm
[bridge]  [INFO] [1789456854.611982769] [sim_executor_bridge_node]: MoveLine ok: 45mm / 23 steps / 계획 0.56s 실소요 3.37s (worst step joint delta 0.3deg)
[planner] [WARN] [1789456854.951227616] [curobo_planner_node]: TAUGHT_TRAY_GRID_PLACE active: slot=0; fixed tray pose only; marker localization is bypassed
[planner] [INFO] [1789456854.959535659] [curobo_planner_node]: TAUGHT_TRAY_SLOT0_ABOVE generated from Slot0 FK + grid offset: clearance=120mm goal_mm=[519.9, 97.5, 185.6]
[planner] [INFO] [1789456855.009965518] [curobo_planner_node]: Operation speed set to 100%
[planner] [INFO] [1789456856.441078047] [curobo_planner_node]: Plan OK 1429ms 54pts 0.96s | goal=['520', '98', '186']mm | end_J=[11.7, 31.5, 122.8, 183.6, 64.0, 91.2]deg
[planner] [INFO] [1789456856.441887591] [curobo_planner_node]: Spline 12pts plan=0.96s exec=0.83s -> end=['11.7', '31.5', '122.8', '183.6', '64.0', '91.2']deg
[bridge]  [INFO] [1789456856.443076323] [sim_executor_bridge_node]: MoveSplineJoint called with 12 points
[bridge]  [INFO] [1789456857.820940788] [sim_executor_bridge_node]: ARM_ARRIVAL MoveSpline: 잔차 0.30deg (손끝 2.4mm) / 대기 0.38s
[bridge]  [INFO] [1789456857.821137527] [sim_executor_bridge_node]: MoveSpline ok: 12 pts / 0.97s -> end=[11.7 31.5 122.8 183.6 64.0 91.2]deg
[planner] [INFO] [1789456857.844562069] [curobo_planner_node]: TAUGHT_SLOT0_RELEASE_DESCEND BASE -Z 120mm
[planner] [INFO] [1789456857.844927964] [curobo_planner_node]: TAUGHT_SLOT0_RELEASE_DESCEND BASE REL xyz=[np.float64(0.0), np.float64(0.0), np.float64(-120.0)]mm dist=120.0mm vel=40.0mm/s
[bridge]  [INFO] [1789456857.847175827] [sim_executor_bridge_node]: MoveLine called (pos=[   0.    0. -120.    0.    0.    0.], ref=0, mode=1)
[bridge]  [INFO] [1789456857.848190637] [sim_executor_bridge_node]: MoveLine 120mm: 60 -> 24 steps (5.0mm/step, 자유공간 이송)
[bridge]  [INFO] [1789456862.626900015] [sim_executor_bridge_node]: ARM_ARRIVAL MoveLine: 잔차 0.26deg (손끝 1.4mm) / 대기 0.08s
[bridge]  [INFO] [1789456862.627322224] [sim_executor_bridge_node]: MOVELINE_END_ERR: along=-1.4mm lateral=0.1mm |err|=1.4mm (명령 120mm, BASE)
[bridge]  [INFO] [1789456862.627473243] [sim_executor_bridge_node]: MoveLine 실이동 118.6mm / 명령 120mm
[bridge]  [INFO] [1789456862.627615932] [sim_executor_bridge_node]: MoveLine ok: 120mm / 24 steps / 계획 2.00s 실소요 4.78s (worst step joint delta 0.9deg)
[planner] [WARN] [1789456862.652610290] [curobo_planner_node]: TAUGHT_TRAY_SLOT0_PLACE_RELEASE: position_cmd=600
[bridge]  [INFO] [1789456862.653846867] [sim_executor_bridge_node]: SetPosition called to 600
[bridge]  [INFO] [1789456862.654275876] [sim_executor_bridge_node]: GRASP_RELEASE -> /sim/grasp_event
[planner] [INFO] [1789456862.703388943] [curobo_planner_node]: TAUGHT_SLOT0_RELEASE_ASCEND joint-space return to above pose (avoid raw BASE +Z branch/limit jump after release)
[planner] [INFO] [1789456863.736144480] [curobo_planner_node]: Plan OK 1032ms 31pts 0.56s | goal=['520', '98', '186']mm | end_J=[11.7, 31.5, 122.8, 183.6, 64.0, 91.2]deg
[planner] [INFO] [1789456863.736838737] [curobo_planner_node]: Spline 12pts plan=0.56s exec=0.58s -> end=['11.7', '31.5', '122.8', '183.6', '64.0', '91.2']deg
[bridge]  [INFO] [1789456863.738761140] [sim_executor_bridge_node]: MoveSplineJoint called with 12 points
[bridge]  [INFO] [1789456864.584770684] [sim_executor_bridge_node]: ARM_ARRIVAL MoveSpline: 잔차 0.27deg (손끝 1.6mm) / 대기 0.26s
[bridge]  [INFO] [1789456864.585657315] [sim_executor_bridge_node]: MoveSpline ok: 12 pts / 0.58s -> end=[11.7 31.5 122.8 183.6 64.0 91.2]deg
[planner] [WARN] [1789456864.589731980] [curobo_planner_node]: TAUGHT_TRAY_SLOT_SEQUENCE: slot 0 -> 1 (sequence=[0, 1, 3, 4, 6, 7, 9, 10])
[planner] [INFO] [1789456864.589969923] [curobo_planner_node]: 7 return to pick-start scan pose
[planner] [INFO] [1789456869.512749475] [curobo_planner_node]: pick-start scan pose after pick/place JS Plan OK 4922ms 65pts 1.17s | goal=['144.1', '22.9', '-1.0', '121.5', '-75.3', '108.7']deg
[planner] [INFO] [1789456869.513486180] [curobo_planner_node]: Spline 12pts plan=1.17s exec=1.02s -> end=['144.1', '22.9', '-1.0', '121.5', '-75.3', '108.7']deg
[bridge]  [INFO] [1789456869.515612060] [sim_executor_bridge_node]: MoveSplineJoint called with 12 points
[bridge]  [INFO] [1789456871.113548875] [sim_executor_bridge_node]: ARM_ARRIVAL MoveSpline: 잔차 0.29deg (손끝 1.8mm) / 대기 0.38s
[bridge]  [INFO] [1789456871.114026557] [sim_executor_bridge_node]: MoveSpline ok: 12 pts / 1.19s -> end=[144.1 22.9 -1.0 121.5 -75.3 108.7]deg
[bridge]  [INFO] [1789456871.117517752] [sim_executor_bridge_node]: SetPosition called to 600
[scan]    [INFO] [1789456871.167918449] [scan_executor_node]: PICK_ATTEMPT_DONE root/nw/se 1/1 — planner sequence ended (success is verified by gripper/manual KPI, not this Empty topic)
[scan]    [INFO] [1789456871.168337822] [scan_executor_node]: PICK_ATTEMPT_SETTLE 1.0s before next target
[planner] [INFO] [1789456871.168920260] [curobo_planner_node]: === PICK COMPLETE (DETACH_SUCCESS_UNVERIFIED) ===
[scan]    [INFO] [1789456872.169093196] [scan_executor_node]: PICK_SEQUENCE_DONE root/nw/se — 1/1 attempted
[scan]    [INFO] [1789456872.169628735] [scan_executor_node]: PICK_SEQUENCE_START root/nw/nw — 1 candidate targets (raw=1 skipped_attempted=0)
[scan]    [INFO] [1789456872.169809265] [scan_executor_node]: PICK_ALL_DETECTED_TARGETS root/nw/nw timeout=60s max_total_picks=0
[scan]    [INFO] [1789456872.170090066] [scan_executor_node]: PICK_ATTEMPT_BLACKLIST_ADD pos=(-240,783,860)mm radius=25mm
[scan]    [INFO] [1789456872.170399591] [scan_executor_node]: PICK_TRIGGER root/nw/nw 1/1 pos=(-240,783,860)mm
[planner] [INFO] [1789456872.221491036] [curobo_planner_node]: Operation speed set to 100%
[planner] [INFO] [1789456872.222086094] [curobo_planner_node]: === PICK 딸기 raw=(-240,783,860)mm grasp=(-240,783,895)mm det_y=783mm x_bias=+0mm z_bias=+35mm ===
[planner] [INFO] [1789456872.222295054] [curobo_planner_node]: 1 open gripper for stem descent: set_position=600
[bridge]  [INFO] [1789456872.223006199] [sim_executor_bridge_node]: SetPosition called to 600
[planner] [INFO] [1789456872.274179369] [curobo_planner_node]: World updated (neighbor obstacles registered): static=1 dynamic=0 neighbor_spheres=0
[planner] [INFO] [1789456872.274536487] [curobo_planner_node]: Registered 0 neighbor sphere obstacle(s); self-excluded 1 within 50mm of target
[planner] [INFO] [1789456872.276461789] [curobo_planner_node]: 2 grasp (CuRobo 2-step 6cm pre) — trying 3 offsets × 4 quats | target=(-240,783,895)mm | start_J1=144.1°
[planner] [ERROR] [1789456872.761841163] [curobo_planner_node]: Plan FAIL 485ms | status=MotionGenStatus.IK_FAIL | goal=['-240', '491', '977']mm | start_J=[144.1, 23.0, -0.9, 121.5, -75.3, 108.7]deg
[planner] [ERROR] [1789456872.908904643] [curobo_planner_node]: Plan FAIL 146ms | status=MotionGenStatus.IK_FAIL | goal=['-240', '488', '951']mm | start_J=[144.1, 23.0, -0.9, 121.5, -75.3, 108.7]deg
[planner] [ERROR] [1789456873.048466061] [curobo_planner_node]: Plan FAIL 139ms | status=MotionGenStatus.IK_FAIL | goal=['-240', '487', '925']mm | start_J=[144.1, 23.0, -0.9, 121.5, -75.3, 108.7]deg
[planner] [ERROR] [1789456873.199859645] [curobo_planner_node]: Plan FAIL 151ms | status=MotionGenStatus.IK_FAIL | goal=['-240', '488', '899']mm | start_J=[144.1, 23.0, -0.9, 121.5, -75.3, 108.7]deg
[planner] [ERROR] [1789456873.200592582] [curobo_planner_node]: ABORT: grasp 전체 실패 — 12개 후보 모두 reject (target=(-240,783,895)mm start_J=[144, 23, -1, 121, -75, 109]°)
[bridge]  [INFO] [1789456873.201455241] [sim_executor_bridge_node]: SetPosition called to 600
[planner] [INFO] [1789456874.989876517] [curobo_planner_node]: pick-start scan pose after abort JS Plan OK 1738ms 31pts 0.56s | goal=['144.1', '23.0', '-0.9', '121.5', '-75.3', '108.7']deg
[planner] [INFO] [1789456874.990585251] [curobo_planner_node]: Spline 12pts plan=0.56s exec=0.58s -> end=['144.1', '23.0', '-0.9', '121.5', '-75.3', '108.7']deg
[bridge]  [INFO] [1789456874.991729192] [sim_executor_bridge_node]: MoveSplineJoint called with 12 points
[bridge]  [INFO] [1789456875.575901373] [sim_executor_bridge_node]: ARM_ARRIVAL MoveSpline: 잔차 0.05deg (손끝 0.9mm) / 대기 0.00s
[bridge]  [INFO] [1789456875.576279165] [sim_executor_bridge_node]: MoveSpline ok: 12 pts / 0.58s -> end=[144.1 23.0 -0.9 121.5 -75.3 108.7]deg
[planner] [INFO] [1789456875.592363475] [curobo_planner_node]: RETURN_TO_SCAN_OK (abort) -> [144.1 23.0 -0.9 121.5 -75.3 108.7]deg
[scan]    [INFO] [1789456875.593282105] [scan_executor_node]: PICK_ATTEMPT_DONE root/nw/nw 1/1 — planner sequence ended (success is verified by gripper/manual KPI, not this Empty topic)
[scan]    [INFO] [1789456875.593590501] [scan_executor_node]: PICK_ATTEMPT_SETTLE 1.0s before next target
[scan]    [INFO] [1789456876.594944037] [scan_executor_node]: PICK_SEQUENCE_DONE root/nw/nw — 1/1 attempted
[scan]    [INFO] [1789456876.595189878] [scan_executor_node]: SUBCELL_EMPTY root/nw/ne no pick candidate
[scan]    [INFO] [1789456876.595526510] [scan_executor_node]: INTER_CELL_DIRECT — no overview reset; continuing to next cell
[scan]    [INFO] [1789456876.595707638] [scan_executor_node]: CELL_RESCAN_AFTER_PICK root/nw pass=1 — checking remaining targets
[scan]    [INFO] [1789456876.596060339] [scan_executor_node]: MOVING_TO root/nw  endpoint_deg=[144.1 22.9 -1.0 -238.5 -75.3 108.7]  (direct MoveJoint, YAML pose)
[scan]    [INFO] [1789456876.596270156] [scan_executor_node]: Joint equivalent rewrite J4 -238.5 -> 121.5 deg (current 121.5, shorter by 360.0 deg)
[scan]    [INFO] [1789456876.596472553] [scan_executor_node]: Joint equivalent rewrite J4 -238.5 -> 121.5 deg (current 121.5, shorter by 360.0 deg)
[bridge]  [INFO] [1789456876.597609888] [sim_executor_bridge_node]: MoveJoint called to [144.1, 22.9, -1.0, 121.5, -75.3, 108.7] (vel=120 acc=180 time=0.00)
[bridge]  [WARN] [1789456876.598034661] [sim_executor_bridge_node]: MOVEJ_OVER_DOOSAN_MOVEIT J2 acc 180>120 — 두산 공식 MoveIt 설정 초과, 자르지 않고 실행
[bridge]  [INFO] [1789456876.656831999] [sim_executor_bridge_node]: MoveJoint profile: span 0.2deg / 0.06s (12 steps)
[bridge]  [INFO] [1789456876.657891668] [sim_executor_bridge_node]: ARM_ARRIVAL MoveJoint: 잔차 0.16deg (손끝 2.8mm) / 대기 0.00s
[scan]    [INFO] [1789456876.696940961] [scan_executor_node]: MoveJoint response: success=True  target=[144.1 22.9 -1.0 121.5 -75.3 108.7]  vel=120.0  acc=180.0
[scan]    [INFO] [1789456876.697446015] [scan_executor_node]: AT_SCAN_POSE root/nw joints_deg=[144.1 23.0 -0.9 121.5 -75.3 108.7] — adaptive detection wait up to 3.0s
[scan]    [INFO] [1789456879.703049949] [scan_executor_node]: TARGET_FOUND root/nw 3 pick candidate(s) detected
[scan]    [INFO] [1789456879.703589912] [scan_executor_node]: SUBCELL_SCAN_ORDER root/nw root/nw/sw:0  root/nw/se:0  root/nw/nw:1  root/nw/ne:0
[scan]    [INFO] [1789456879.704005958] [scan_executor_node]: SUBDIVIDE_SKIP root/nw candidates=1 < 3 — 잎(leaf), 부모 자세에서 pick
[scan]    [INFO] [1789456879.704556939] [scan_executor_node]: SUBCELL_EMPTY root/nw/sw no pick candidate
[scan]    [INFO] [1789456879.704999981] [scan_executor_node]: SUBCELL_EMPTY root/nw/se no pick candidate
[scan]    [INFO] [1789456879.705588263] [scan_executor_node]: PICK_SKIP_ATTEMPTED root/nw/nw pos=(-240,783,860)mm
[scan]    [INFO] [1789456879.706051473] [scan_executor_node]: PICK_SEQUENCE_START root/nw/nw — 0 candidate targets (raw=1 skipped_attempted=1)
[scan]    [INFO] [1789456879.706405831] [scan_executor_node]: PICK_ALL_DETECTED_TARGETS root/nw/nw timeout=60s max_total_picks=0
[scan]    [INFO] [1789456879.706789045] [scan_executor_node]: PICK_SEQUENCE_DONE root/nw/nw — 0/0 attempted
[scan]    [INFO] [1789456879.707187005] [scan_executor_node]: SUBCELL_EMPTY root/nw/ne no pick candidate
[scan]    [INFO] [1789456879.707487038] [scan_executor_node]: INTER_CELL_DIRECT — no overview reset; continuing to next cell
[scan]    [INFO] [1789456879.707787839] [scan_executor_node]: MOVING_TO root/ne  endpoint_deg=[18.9 26.0 1.0 74.6 78.2 -115.6]  (direct MoveJoint, YAML pose)
[vision]  [INFO] [1789456879.707865857] [fake_vision_node]: SCAN_CELL root/ne (SCANNING) -> 시야 = x[0.050,0.595] z[0.660,1.055]
[scan]    [INFO] [1789456879.707976562] [scan_executor_node]: Joint equivalent rewrite J6 -115.6 -> 244.4 deg (current 108.7, shorter by 88.6 deg)
[scan]    [INFO] [1789456879.708169518] [scan_executor_node]: Joint equivalent rewrite J6 -115.6 -> 244.4 deg (current 108.7, shorter by 88.6 deg)
[bridge]  [INFO] [1789456879.709034924] [sim_executor_bridge_node]: MoveJoint called to [18.9, 26.0, 1.0, 74.6, 78.2, 244.4] (vel=120 acc=180 time=0.00)
[bridge]  [WARN] [1789456879.709246812] [sim_executor_bridge_node]: MOVEJ_OVER_DOOSAN_MOVEIT J1 acc 147>120 — 두산 공식 MoveIt 설정 초과, 자르지 않고 실행
[bridge]  [INFO] [1789456881.655863941] [sim_executor_bridge_node]: MoveJoint profile: span 153.5deg / 1.95s (390 steps)
[bridge]  [INFO] [1789456881.878523963] [sim_executor_bridge_node]: ARM_ARRIVAL MoveJoint: 잔차 0.22deg (손끝 1.4mm) / 대기 0.22s
[scan]    [INFO] [1789456881.911874156] [scan_executor_node]: MoveJoint response: success=True  target=[18.9 26.0 1.0 74.6 78.2 244.4]  vel=120.0  acc=180.0
[scan]    [INFO] [1789456881.912509138] [scan_executor_node]: AT_SCAN_POSE root/ne joints_deg=[19.0 26.0 1.1 74.6 78.0 244.3] — adaptive detection wait up to 3.0s
[scan]    [INFO] [1789456884.917342780] [scan_executor_node]: TARGET_FOUND root/ne 3 pick candidate(s) detected
[scan]    [INFO] [1789456884.917648690] [scan_executor_node]: SUBCELL_SCAN_ORDER root/ne root/ne/sw:0  root/ne/se:1  root/ne/nw:0  root/ne/ne:0
[scan]    [INFO] [1789456884.917982182] [scan_executor_node]: SUBDIVIDE_SKIP root/ne candidates=1 < 3 — 잎(leaf), 부모 자세에서 pick
[scan]    [INFO] [1789456884.918243195] [scan_executor_node]: SUBCELL_EMPTY root/ne/sw no pick candidate
[scan]    [INFO] [1789456884.918610535] [scan_executor_node]: PICK_SEQUENCE_START root/ne/se — 1 candidate targets (raw=1 skipped_attempted=0)
[scan]    [INFO] [1789456884.918775400] [scan_executor_node]: PICK_ALL_DETECTED_TARGETS root/ne/se timeout=60s max_total_picks=0
[scan]    [INFO] [1789456884.919002957] [scan_executor_node]: PICK_ATTEMPT_BLACKLIST_ADD pos=(351,783,790)mm radius=25mm
[scan]    [INFO] [1789456884.919224472] [scan_executor_node]: PICK_TRIGGER root/ne/se 1/1 pos=(351,783,790)mm
[planner] [INFO] [1789456884.970506019] [curobo_planner_node]: Operation speed set to 100%
[planner] [INFO] [1789456884.971389863] [curobo_planner_node]: === PICK 딸기 raw=(351,783,790)mm grasp=(351,783,825)mm det_y=783mm x_bias=+0mm z_bias=+35mm ===
[planner] [INFO] [1789456884.971818650] [curobo_planner_node]: 1 open gripper for stem descent: set_position=600
[bridge]  [INFO] [1789456884.972849443] [sim_executor_bridge_node]: SetPosition called to 600
[planner] [INFO] [1789456885.024318339] [curobo_planner_node]: World updated (neighbor obstacles registered): static=1 dynamic=0 neighbor_spheres=0
[planner] [INFO] [1789456885.024872761] [curobo_planner_node]: Registered 0 neighbor sphere obstacle(s); self-excluded 1 within 50mm of target
[planner] [INFO] [1789456885.027693888] [curobo_planner_node]: 2 grasp (CuRobo 2-step 6cm pre) — trying 5 offsets × 4 quats | target=(351,783,825)mm | start_J1=18.9°
[planner] [ERROR] [1789456885.185268389] [curobo_planner_node]: Plan FAIL 157ms | status=MotionGenStatus.IK_FAIL | goal=['351', '491', '907']mm | start_J=[18.9, 26.0, 1.0, 74.6, 78.2, 244.4]deg
[planner] [ERROR] [1789456885.347576530] [curobo_planner_node]: Plan FAIL 161ms | status=MotionGenStatus.IK_FAIL | goal=['351', '488', '881']mm | start_J=[18.9, 26.0, 1.0, 74.6, 78.2, 244.4]deg
[planner] [ERROR] [1789456885.492348167] [curobo_planner_node]: Plan FAIL 144ms | status=MotionGenStatus.IK_FAIL | goal=['351', '487', '855']mm | start_J=[18.9, 26.0, 1.0, 74.6, 78.2, 244.4]deg
[planner] [ERROR] [1789456885.658444249] [curobo_planner_node]: Plan FAIL 166ms | status=MotionGenStatus.IK_FAIL | goal=['351', '488', '829']mm | start_J=[18.9, 26.0, 1.0, 74.6, 78.2, 244.4]deg
[planner] [ERROR] [1789456885.658851756] [curobo_planner_node]: ABORT: grasp 전체 실패 — 20개 후보 모두 reject (target=(351,783,825)mm start_J=[19, 26, 1, 75, 78, 244]°)
[bridge]  [INFO] [1789456885.659991689] [sim_executor_bridge_node]: SetPosition called to 600
[planner] [INFO] [1789456887.203886848] [curobo_planner_node]: pick-start scan pose after abort joint equivalent rewrite: J6 -115.6~244.4 -> -221.7~134.1
[planner] [WARN] [1789456887.204260801] [curobo_planner_node]: pick-start scan pose after abort rejected: J6 spline jump 355.8deg > 270.0deg at waypoint 46 (limit boundary crossing - normalize discontinuity)
[planner] [WARN] [1789456887.205805536] [curobo_planner_node]: pick-start scan pose after abort CuRobo joint-space failed
[planner] [ERROR] [1789456887.206017977] [curobo_planner_node]: RETURN_TO_SCAN_FAILED (abort): 보드 근처에 멈춘 채로 다음 타겟이 계획된다
[scan]    [INFO] [1789456887.207286676] [scan_executor_node]: PICK_ATTEMPT_DONE root/ne/se 1/1 — planner sequence ended (success is verified by gripper/manual KPI, not this Empty topic)
[scan]    [INFO] [1789456887.207522914] [scan_executor_node]: PICK_ATTEMPT_SETTLE 1.0s before next target
[scan]    [INFO] [1789456888.207993687] [scan_executor_node]: PICK_SEQUENCE_DONE root/ne/se — 1/1 attempted
[scan]    [INFO] [1789456888.208316210] [scan_executor_node]: SUBCELL_EMPTY root/ne/nw no pick candidate
[scan]    [INFO] [1789456888.208600507] [scan_executor_node]: SUBCELL_EMPTY root/ne/ne no pick candidate
[scan]    [INFO] [1789456888.209022535] [scan_executor_node]: INTER_CELL_DIRECT — no overview reset; continuing to next cell
[scan]    [INFO] [1789456888.209274569] [scan_executor_node]: CELL_RESCAN_AFTER_PICK root/ne pass=1 — checking remaining targets
[scan]    [INFO] [1789456888.209672713] [scan_executor_node]: MOVING_TO root/ne  endpoint_deg=[18.9 26.0 1.0 74.6 78.2 -115.6]  (direct MoveJoint, YAML pose)
[scan]    [INFO] [1789456888.209976416] [scan_executor_node]: Joint equivalent rewrite J6 -115.6 -> 244.4 deg (current 244.4, shorter by 360.0 deg)
[scan]    [INFO] [1789456888.210261846] [scan_executor_node]: Joint equivalent rewrite J6 -115.6 -> 244.4 deg (current 244.4, shorter by 360.0 deg)
[bridge]  [INFO] [1789456888.210955642] [sim_executor_bridge_node]: MoveJoint called to [18.9, 26.0, 1.0, 74.6, 78.2, 244.4] (vel=120 acc=180 time=0.00)
[bridge]  [WARN] [1789456888.211171428] [sim_executor_bridge_node]: MOVEJ_OVER_DOOSAN_MOVEIT J2 acc 180>120 — 두산 공식 MoveIt 설정 초과, 자르지 않고 실행
[bridge]  [INFO] [1789456888.247347914] [sim_executor_bridge_node]: MoveJoint profile: span 0.1deg / 0.04s (8 steps)
[bridge]  [INFO] [1789456888.248781642] [sim_executor_bridge_node]: ARM_ARRIVAL MoveJoint: 잔차 0.06deg (손끝 1.0mm) / 대기 0.00s
[scan]    [INFO] [1789456888.260722920] [scan_executor_node]: MoveJoint response: success=True  target=[18.9 26.0 1.0 74.6 78.2 244.4]  vel=120.0  acc=180.0
[scan]    [INFO] [1789456888.261135438] [scan_executor_node]: AT_SCAN_POSE root/ne joints_deg=[18.9 26.0 1.0 74.6 78.2 244.4] — adaptive detection wait up to 3.0s
[scan]    [INFO] [1789456891.266491412] [scan_executor_node]: TARGET_FOUND root/ne 3 pick candidate(s) detected
[scan]    [INFO] [1789456891.266819713] [scan_executor_node]: SUBCELL_SCAN_ORDER root/ne root/ne/sw:0  root/ne/se:1  root/ne/nw:0  root/ne/ne:0
[scan]    [INFO] [1789456891.266997147] [scan_executor_node]: SUBDIVIDE_SKIP root/ne candidates=1 < 3 — 잎(leaf), 부모 자세에서 pick
[scan]    [INFO] [1789456891.267208535] [scan_executor_node]: SUBCELL_EMPTY root/ne/sw no pick candidate
[scan]    [INFO] [1789456891.267500451] [scan_executor_node]: PICK_SKIP_ATTEMPTED root/ne/se pos=(351,783,790)mm
[scan]    [INFO] [1789456891.267763958] [scan_executor_node]: PICK_SEQUENCE_START root/ne/se — 0 candidate targets (raw=1 skipped_attempted=1)
[scan]    [INFO] [1789456891.267956684] [scan_executor_node]: PICK_ALL_DETECTED_TARGETS root/ne/se timeout=60s max_total_picks=0
[scan]    [INFO] [1789456891.268118628] [scan_executor_node]: PICK_SEQUENCE_DONE root/ne/se — 0/0 attempted
[scan]    [INFO] [1789456891.268293860] [scan_executor_node]: SUBCELL_EMPTY root/ne/nw no pick candidate
[scan]    [INFO] [1789456891.268462644] [scan_executor_node]: SUBCELL_EMPTY root/ne/ne no pick candidate
[scan]    [INFO] [1789456891.268753822] [scan_executor_node]: INTER_CELL_DIRECT — no overview reset; continuing to next cell
[scan]    [INFO] [1789456891.269202267] [scan_executor_node]: MOVING_TO root/se  endpoint_deg=[22.7 -4.6 103.6 97.7 68.2 -190.8]  (direct MoveJoint, YAML pose)
[vision]  [INFO] [1789456891.269381764] [fake_vision_node]: SCAN_CELL root/se (SCANNING) -> 시야 = x[0.050,0.595] z[0.265,0.660]
[scan]    [INFO] [1789456891.269460586] [scan_executor_node]: Joint equivalent rewrite J6 -190.8 -> 169.2 deg (current 244.4, shorter by 360.0 deg)
[scan]    [INFO] [1789456891.269666639] [scan_executor_node]: Joint equivalent rewrite J6 -190.8 -> 169.2 deg (current 244.4, shorter by 360.0 deg)
[bridge]  [INFO] [1789456891.270665128] [sim_executor_bridge_node]: MoveJoint called to [22.7, -4.6, 103.6, 97.7, 68.2, 169.2] (vel=120 acc=180 time=0.00)
[bridge]  [WARN] [1789456891.270985700] [sim_executor_bridge_node]: MOVEJ_OVER_DOOSAN_MOVEIT J3 acc 180>150 — 두산 공식 MoveIt 설정 초과, 자르지 않고 실행
[bridge]  [INFO] [1789456892.792868545] [sim_executor_bridge_node]: MoveJoint profile: span 102.5deg / 1.52s (305 steps)
[bridge]  [INFO] [1789456892.994911021] [sim_executor_bridge_node]: ARM_ARRIVAL MoveJoint: 잔차 0.27deg (손끝 1.3mm) / 대기 0.20s
[scan]    [INFO] [1789456893.022206934] [scan_executor_node]: MoveJoint response: success=True  target=[22.7 -4.6 103.6 97.7 68.2 169.2]  vel=120.0  acc=180.0
[scan]    [INFO] [1789456893.022573389] [scan_executor_node]: AT_SCAN_POSE root/se joints_deg=[22.7 -4.5 103.3 97.6 68.2 169.4] — adaptive detection wait up to 3.0s
[scan]    [INFO] [1789456896.026925570] [scan_executor_node]: TARGET_FOUND root/se 3 pick candidate(s) detected
[scan]    [INFO] [1789456896.027275665] [scan_executor_node]: SUBCELL_SCAN_ORDER root/se root/se/sw:0  root/se/se:0  root/se/nw:1  root/se/ne:0
[scan]    [INFO] [1789456896.027508633] [scan_executor_node]: SUBDIVIDE_SKIP root/se candidates=1 < 3 — 잎(leaf), 부모 자세에서 pick
[scan]    [INFO] [1789456896.027716665] [scan_executor_node]: SUBCELL_EMPTY root/se/sw no pick candidate
[scan]    [INFO] [1789456896.027881869] [scan_executor_node]: SUBCELL_EMPTY root/se/se no pick candidate
[scan]    [INFO] [1789456896.028827663] [scan_executor_node]: PICK_SEQUENCE_START root/se/nw — 1 candidate targets (raw=1 skipped_attempted=0)
[scan]    [INFO] [1789456896.029008770] [scan_executor_node]: PICK_ALL_DETECTED_TARGETS root/se/nw timeout=60s max_total_picks=0
[scan]    [INFO] [1789456896.029188553] [scan_executor_node]: PICK_ATTEMPT_BLACKLIST_ADD pos=(223,783,472)mm radius=25mm
[scan]    [INFO] [1789456896.029419683] [scan_executor_node]: PICK_TRIGGER root/se/nw 1/1 pos=(223,783,472)mm
[planner] [INFO] [1789456896.081186247] [curobo_planner_node]: Operation speed set to 100%
[planner] [INFO] [1789456896.082076981] [curobo_planner_node]: === PICK 딸기 raw=(223,783,472)mm grasp=(223,783,507)mm det_y=783mm x_bias=+0mm z_bias=+35mm ===
[planner] [INFO] [1789456896.082523293] [curobo_planner_node]: 1 open gripper for stem descent: set_position=600
[bridge]  [INFO] [1789456896.083414979] [sim_executor_bridge_node]: SetPosition called to 600
[planner] [INFO] [1789456896.134532480] [curobo_planner_node]: World updated (neighbor obstacles registered): static=1 dynamic=0 neighbor_spheres=0
[planner] [INFO] [1789456896.134853450] [curobo_planner_node]: Registered 0 neighbor sphere obstacle(s); self-excluded 1 within 50mm of target
[planner] [INFO] [1789456896.135577218] [curobo_planner_node]: 2 grasp (CuRobo 2-step 6cm pre) — trying 3 offsets × 4 quats | target=(223,783,507)mm | start_J1=22.7°
[planner] [INFO] [1789456897.169799801] [curobo_planner_node]: Plan OK 1032ms 31pts 0.56s | goal=['223', '491', '589']mm | end_J=[55.3, 3.1, 80.5, 64.9, 38.3, 204.6]deg
[planner] [INFO] [1789456898.439463501] [curobo_planner_node]: Plan OK 1268ms 31pts 0.56s | goal=['223', '536', '581']mm | end_J=[58.7, 8.8, 75.4, 63.3, 35.0, 206.2]deg
[planner] [INFO] [1789456898.440751196] [curobo_planner_node]: Spline 12pts plan=0.56s exec=0.58s -> end=['55.3', '3.1', '80.5', '64.9', '38.3', '204.6']deg
[bridge]  [INFO] [1789456898.442440738] [sim_executor_bridge_node]: MoveSplineJoint called with 12 points
[bridge]  [INFO] [1789456899.355445967] [sim_executor_bridge_node]: ARM_ARRIVAL MoveSpline: 잔차 0.28deg (손끝 2.5mm) / 대기 0.32s
[bridge]  [INFO] [1789456899.355650236] [sim_executor_bridge_node]: MoveSpline ok: 12 pts / 0.58s -> end=[55.3 3.1 80.5 64.9 38.3 204.6]deg
[planner] [INFO] [1789456899.392697816] [curobo_planner_node]: PRE_APPROACH_REACHED — settling 0.3s before 45mm straight approach
[planner] [INFO] [1789456899.693439505] [curobo_planner_node]: FINAL_APPROACH_STRAIGHT TOOL +Z 45.0mm vel=60.0mm/s
[bridge]  [INFO] [1789456899.694770107] [sim_executor_bridge_node]: MoveLine called (pos=[ 0.  0. 45.  0.  0.  0.], ref=1, mode=1)
[bridge]  [INFO] [1789456903.272625925] [sim_executor_bridge_node]: ARM_ARRIVAL MoveLine: 잔차 0.28deg (손끝 1.8mm) / 대기 0.00s
[bridge]  [INFO] [1789456903.273396062] [sim_executor_bridge_node]: MOVELINE_END_ERR: along=-1.6mm lateral=0.8mm |err|=1.8mm (명령 45mm, TOOL)
[bridge]  [INFO] [1789456903.273733019] [sim_executor_bridge_node]: MoveLine 실이동 43.4mm / 명령 45mm
[bridge]  [INFO] [1789456903.274060154] [sim_executor_bridge_node]: MoveLine ok: 45mm / 23 steps / 계획 0.75s 실소요 3.58s (worst step joint delta 0.3deg)
[planner] [INFO] [1789456903.300788811] [curobo_planner_node]: GRASP_POSE_REACHED — offset=+0.015m pre=6cm+45mm+0mm variant=('base', [1, 0, 0], -10.0) elevation=-10.0deg (attempt 1/12)
[planner] [WARN] [1789456903.301142229] [curobo_planner_node]: OPEN_DESCENT_DYNAMIC: kp1_z=507mm reached_z=540mm overshoot=33mm extra_below_kp1=0mm -> descent=33mm
[planner] [INFO] [1789456903.301341380] [curobo_planner_node]: OPEN_STEM_DESCENT — gripper=600, BASE -Z 33mm to KP1
[planner] [INFO] [1789456903.301656445] [curobo_planner_node]: OPEN_STEM_DESCENT BASE REL xyz=[np.float64(0.0), np.float64(0.0), np.float64(-32.6)]mm dist=32.6mm vel=40.0mm/s
[bridge]  [INFO] [1789456903.303760520] [sim_executor_bridge_node]: MoveLine called (pos=[  0.           0.         -32.60535644   0.           0.
[bridge]     0.        ], ref=0, mode=1)
[bridge]  [INFO] [1789456906.359853643] [sim_executor_bridge_node]: ARM_ARRIVAL MoveLine: 잔차 0.28deg (손끝 0.5mm) / 대기 0.06s
[bridge]  [INFO] [1789456906.360309855] [sim_executor_bridge_node]: MOVELINE_END_ERR: along=-0.2mm lateral=0.4mm |err|=0.4mm (명령 33mm, BASE)
[bridge]  [INFO] [1789456906.360488945] [sim_executor_bridge_node]: MoveLine 실이동 32.4mm / 명령 33mm
[bridge]  [INFO] [1789456906.360638005] [sim_executor_bridge_node]: MoveLine ok: 33mm / 17 steps / 계획 0.82s 실소요 3.06s (worst step joint delta 0.5deg)
[planner] [INFO] [1789456906.407571308] [curobo_planner_node]: 3 close gripper + verify grasp
[bridge]  [INFO] [1789456906.408845792] [sim_executor_bridge_node]: SetPosition called to 700
[bridge]  [INFO] [1789456906.411995968] [sim_executor_bridge_node]: GRASP_JUDGE 줄기기준 along=+15.0mm(조우 -6~27) lateral=5.0mm(허용20) | 과실기준 d_tcp=36.4mm -> CONTACT
[bridge]  [INFO] [1789456906.412209338] [sim_executor_bridge_node]: GRASP_ATTACH 과실 (223, 783, 472)mm -> /sim/grasp_event
[planner] [INFO] [1789456906.808647064] [curobo_planner_node]: VERIFY_GRASP: GRASP_CONTACT_DETECTED present_pos=670 current_raw=200 — jaw stopped before calibrated contact threshold (pos=670 <= 685); position-based grasp detected
[planner] [INFO] [1789456906.808989260] [curobo_planner_node]: 4 detach pull — BASE -Z 40mm at 50mm/s
[bridge]  [INFO] [1789456906.810132729] [sim_executor_bridge_node]: MoveLine called (pos=[  0.   0. -40.   0.   0.   0.], ref=0, mode=1)
[bridge]  [INFO] [1789456910.025002106] [sim_executor_bridge_node]: ARM_ARRIVAL MoveLine: 잔차 0.27deg (손끝 0.4mm) / 대기 0.08s
[bridge]  [INFO] [1789456910.025547287] [sim_executor_bridge_node]: MOVELINE_END_ERR: along=-0.3mm lateral=0.3mm |err|=0.4mm (명령 40mm, BASE)
[bridge]  [INFO] [1789456910.025719566] [sim_executor_bridge_node]: MoveLine 실이동 39.7mm / 명령 40mm
[bridge]  [INFO] [1789456910.025869048] [sim_executor_bridge_node]: MoveLine ok: 40mm / 20 steps / 계획 0.80s 실소요 3.21s (worst step joint delta 0.6deg)
[planner] [INFO] [1789456910.064678815] [curobo_planner_node]: DETACH_PULL_DOWN: BASE -Z 40mm -> OK
[planner] [INFO] [1789456910.065413587] [curobo_planner_node]: RETREAT TOOL -Z 45.0mm vel=80.0mm/s
[bridge]  [INFO] [1789456910.066731042] [sim_executor_bridge_node]: MoveLine called (pos=[  0.   0. -45.   0.   0.   0.], ref=1, mode=1)
[bridge]  [INFO] [1789456913.648292733] [sim_executor_bridge_node]: ARM_ARRIVAL MoveLine: 잔차 0.29deg (손끝 2.2mm) / 대기 0.04s
[bridge]  [INFO] [1789456913.648713107] [sim_executor_bridge_node]: MOVELINE_END_ERR: along=-1.9mm lateral=0.6mm |err|=1.9mm (명령 45mm, TOOL)
[bridge]  [INFO] [1789456913.648875657] [sim_executor_bridge_node]: MoveLine 실이동 43.1mm / 명령 45mm
[bridge]  [INFO] [1789456913.649036541] [sim_executor_bridge_node]: MoveLine ok: 45mm / 23 steps / 계획 0.56s 실소요 3.58s (worst step joint delta 0.3deg)
[planner] [WARN] [1789456913.972182748] [curobo_planner_node]: TAUGHT_TRAY_GRID_PLACE active: slot=1; fixed tray pose only; marker localization is bypassed
[planner] [INFO] [1789456913.980458703] [curobo_planner_node]: TAUGHT_TRAY_SLOT1_ABOVE generated from Slot0 FK + grid offset: clearance=120mm goal_mm=[451.9, 97.5, 185.6]
[planner] [INFO] [1789456914.030890771] [curobo_planner_node]: Operation speed set to 100%
[planner] [INFO] [1789456915.414032470] [curobo_planner_node]: Cartesian plan joint equivalent rewrite: J6 186.9~270.7 -> -134.1~223.4
[planner] [WARN] [1789456915.414374865] [curobo_planner_node]: Cartesian plan rejected: J6 spline jump 357.5deg > 270.0deg at waypoint 24 (limit boundary crossing - normalize discontinuity)
[planner] [ERROR] [1789456915.414834083] [curobo_planner_node]: TAUGHT_TRAY_SLOT1_PLACE_BLOCKED: above plan failed; holding fruit
[bridge]  [INFO] [1789456915.415837939] [sim_executor_bridge_node]: SetPosition called to 600
[bridge]  [INFO] [1789456915.416259506] [sim_executor_bridge_node]: GRASP_RELEASE -> /sim/grasp_event
[planner] [WARN] [1789456915.466233053] [curobo_planner_node]: PICK_SEQUENCE_CONTINUE place_status=failed: released fruit here and continuing to the next target (hold_on_place_failure=false)
[planner] [INFO] [1789456915.466755301] [curobo_planner_node]: 7 return to pick-start scan pose
[planner] [INFO] [1789456917.295231453] [curobo_planner_node]: pick-start scan pose after pick/place JS Plan OK 1827ms 31pts 0.56s | goal=['22.7', '-4.6', '103.6', '97.7', '68.2', '169.2']deg
[planner] [INFO] [1789456917.295924744] [curobo_planner_node]: Spline 12pts plan=0.56s exec=0.58s -> end=['22.7', '-4.6', '103.6', '97.7', '68.2', '169.2']deg
[bridge]  [INFO] [1789456917.297340672] [sim_executor_bridge_node]: MoveSplineJoint called with 12 points
[bridge]  [INFO] [1789456918.191698946] [sim_executor_bridge_node]: ARM_ARRIVAL MoveSpline: 잔차 0.29deg (손끝 1.9mm) / 대기 0.30s
[bridge]  [INFO] [1789456918.191896643] [sim_executor_bridge_node]: MoveSpline ok: 12 pts / 0.58s -> end=[22.7 -4.6 103.6 97.7 68.2 169.2]deg
[bridge]  [INFO] [1789456918.198526975] [sim_executor_bridge_node]: SetPosition called to 600
[scan]    [INFO] [1789456918.248763294] [scan_executor_node]: PICK_ATTEMPT_DONE root/se/nw 1/1 — planner sequence ended (success is verified by gripper/manual KPI, not this Empty topic)
[scan]    [INFO] [1789456918.249053561] [scan_executor_node]: PICK_ATTEMPT_SETTLE 1.0s before next target
[planner] [INFO] [1789456918.250281059] [curobo_planner_node]: === PICK COMPLETE (DETACH_SUCCESS_UNVERIFIED) ===
[scan]    [INFO] [1789456919.249984447] [scan_executor_node]: PICK_SEQUENCE_DONE root/se/nw — 1/1 attempted
[scan]    [INFO] [1789456919.250354514] [scan_executor_node]: SUBCELL_EMPTY root/se/ne no pick candidate
[scan]    [INFO] [1789456919.250771581] [scan_executor_node]: INTER_CELL_DIRECT — no overview reset; continuing to next cell
[scan]    [INFO] [1789456919.250970333] [scan_executor_node]: CELL_RESCAN_AFTER_PICK root/se pass=1 — checking remaining targets
[scan]    [INFO] [1789456919.251316355] [scan_executor_node]: MOVING_TO root/se  endpoint_deg=[22.7 -4.6 103.6 97.7 68.2 -190.8]  (direct MoveJoint, YAML pose)
[scan]    [INFO] [1789456919.251523224] [scan_executor_node]: Joint equivalent rewrite J6 -190.8 -> 169.2 deg (current 169.2, shorter by 360.0 deg)
[scan]    [INFO] [1789456919.251722399] [scan_executor_node]: Joint equivalent rewrite J6 -190.8 -> 169.2 deg (current 169.2, shorter by 360.0 deg)
[bridge]  [INFO] [1789456919.252863195] [sim_executor_bridge_node]: MoveJoint called to [22.7, -4.6, 103.6, 97.7, 68.2, 169.2] (vel=120 acc=180 time=0.00)
[bridge]  [WARN] [1789456919.253299890] [sim_executor_bridge_node]: MOVEJ_OVER_DOOSAN_MOVEIT J2 acc 180>120 — 두산 공식 MoveIt 설정 초과, 자르지 않고 실행
[bridge]  [INFO] [1789456919.295350417] [sim_executor_bridge_node]: MoveJoint profile: span 0.1deg / 0.04s (9 steps)
[bridge]  [INFO] [1789456919.298252329] [sim_executor_bridge_node]: ARM_ARRIVAL MoveJoint: 잔차 0.08deg (손끝 0.8mm) / 대기 0.00s
[scan]    [INFO] [1789456919.302177067] [scan_executor_node]: MoveJoint response: success=True  target=[22.7 -4.6 103.6 97.7 68.2 169.2]  vel=120.0  acc=180.0
[scan]    [INFO] [1789456919.302634572] [scan_executor_node]: AT_SCAN_POSE root/se joints_deg=[22.7 -4.5 103.6 97.7 68.2 169.2] — adaptive detection wait up to 3.0s
[scan]    [INFO] [1789456922.308310595] [scan_executor_node]: SCANNED_EMPTY root/se no detection in dwell window
[scan]    [INFO] [1789456922.308652435] [scan_executor_node]: INTER_CELL_DIRECT — no overview reset; continuing to next cell
[scan]    [INFO] [1789456922.308969245] [scan_executor_node]: MOVING_TO root/sw  endpoint_deg=[150.3 -11.9 109.1 -97.8 63.3 10.5]  (direct MoveJoint, YAML pose)
[vision]  [INFO] [1789456922.309182487] [fake_vision_node]: SCAN_CELL root/sw (SCANNING) -> 시야 = x[-0.495,0.050] z[0.265,0.660]
[scan]    [INFO] [1789456922.309216737] [scan_executor_node]: Joint equivalent rewrite J4 -97.8 -> 262.2 deg (current 97.7, shorter by 31.0 deg)
[scan]    [INFO] [1789456922.309440708] [scan_executor_node]: Joint equivalent rewrite J4 -97.8 -> 262.2 deg (current 97.7, shorter by 31.0 deg)
[bridge]  [INFO] [1789456922.310445519] [sim_executor_bridge_node]: MoveJoint called to [150.3, -11.9, 109.1, 262.2, 63.3, 10.5] (vel=120 acc=180 time=0.00)
[bridge]  [WARN] [1789456922.310913711] [sim_executor_bridge_node]: MOVEJ_OVER_DOOSAN_MOVEIT J1 acc 140>120 — 두산 공식 MoveIt 설정 초과, 자르지 않고 실행
[bridge]  [INFO] [1789456924.349676757] [sim_executor_bridge_node]: MoveJoint profile: span 164.5deg / 2.04s (408 steps)
[bridge]  [INFO] [1789456924.554757619] [sim_executor_bridge_node]: ARM_ARRIVAL MoveJoint: 잔차 0.29deg (손끝 1.3mm) / 대기 0.20s
[scan]    [INFO] [1789456924.563250020] [scan_executor_node]: MoveJoint response: success=True  target=[150.3 -11.9 109.1 262.2 63.3 10.5]  vel=120.0  acc=180.0
[scan]    [INFO] [1789456924.563847457] [scan_executor_node]: AT_SCAN_POSE root/sw joints_deg=[150.1 -11.9 109.1 261.9 63.3 10.7] — adaptive detection wait up to 3.0s
[scan]    [INFO] [1789456927.568120296] [scan_executor_node]: TARGET_FOUND root/sw 12 pick candidate(s) detected
[scan]    [INFO] [1789456927.568495963] [scan_executor_node]: SUBCELL_SCAN_ORDER root/sw root/sw/sw:0  root/sw/se:2  root/sw/nw:1  root/sw/ne:1
[scan]    [INFO] [1789456927.568861704] [scan_executor_node]: SUBDIVIDE root/sw candidates=4 >= 3 cells=['se', 'nw', 'ne'] — 후보 있는 세부 칸만 세부 자세로 방문
[scan]    [INFO] [1789456927.569030893] [scan_executor_node]: SUBCELL_EMPTY root/sw/sw no pick candidate — 2단 가지치기
[scan]    [INFO] [1789456928.341434203] [scan_executor_node]: SUBCELL_POSE root/sw/se tier=lab_plane dJ_max=37.8deg dJ=[36 3 13 35 26 38] ee_mm=[-247.7, 317.3, 533.9] -> [-111.5, 433.0, 435.1] joints_deg=[114.4 -8.5 122.1 -132.9 37.6 48.3] (실기 깊이 2 평면 y=0.433 로 이동, 부모 시드 IK)
[scan]    [INFO] [1789456928.341840151] [scan_executor_node]: MOVING_TO root/sw/se  endpoint_deg=[114.4 -8.5 122.1 -132.9 37.6 48.3]  (direct MoveJoint, YAML pose)
[scan]    [INFO] [1789456928.342046088] [scan_executor_node]: Joint equivalent rewrite J4 -132.9 -> 227.1 deg (current 262.2, shorter by 360.0 deg)
[scan]    [INFO] [1789456928.342247515] [scan_executor_node]: Joint equivalent rewrite J4 -132.9 -> 227.1 deg (current 262.2, shorter by 360.0 deg)
[bridge]  [INFO] [1789456928.343286117] [sim_executor_bridge_node]: MoveJoint called to [114.4, -8.5, 122.1, 227.1, 37.6, 48.3] (vel=120 acc=180 time=0.00)
[bridge]  [WARN] [1789456928.343711327] [sim_executor_bridge_node]: MOVEJ_OVER_DOOSAN_MOVEIT J1 acc 171>120 — 두산 공식 MoveIt 설정 초과, 자르지 않고 실행
[bridge]  [INFO] [1789456929.261508713] [sim_executor_bridge_node]: MoveJoint profile: span 37.8deg / 0.92s (184 steps)
[bridge]  [INFO] [1789456929.463733964] [sim_executor_bridge_node]: ARM_ARRIVAL MoveJoint: 잔차 0.26deg (손끝 1.3mm) / 대기 0.20s
[scan]    [INFO] [1789456929.494752522] [scan_executor_node]: MoveJoint response: success=True  target=[114.4 -8.5 122.1 227.1 37.6 48.3]  vel=120.0  acc=180.0
[scan]    [INFO] [1789456929.495398886] [scan_executor_node]: AT_SCAN_POSE root/sw/se joints_deg=[114.6 -8.5 122.1 227.3 37.8 48.1] — adaptive detection wait up to 3.0s
[vision]  [INFO] [1789456929.495660062] [fake_vision_node]: SCAN_CELL root/sw/se (VIEWING) -> 시야 = x[-0.223,0.050] z[0.265,0.463]
[scan]    [INFO] [1789456932.500570006] [scan_executor_node]: SUBCELL_SCAN root/sw/se raw=6 in_cell=6 unique=2 (분면 시야 중 이 칸의 것만)
[scan]    [INFO] [1789456932.501006036] [scan_executor_node]: PICK_SEQUENCE_START root/sw/se — 2 candidate targets (raw=2 skipped_attempted=0)
[scan]    [INFO] [1789456932.501257385] [scan_executor_node]: PICK_ALL_DETECTED_TARGETS root/sw/se timeout=60s max_total_picks=0
[scan]    [INFO] [1789456932.501487888] [scan_executor_node]: PICK_ATTEMPT_BLACKLIST_ADD pos=(-222,783,407)mm radius=25mm
[scan]    [INFO] [1789456932.501722986] [scan_executor_node]: PICK_TRIGGER root/sw/se 1/2 pos=(-222,783,407)mm
[planner] [INFO] [1789456932.552486858] [curobo_planner_node]: Operation speed set to 100%
[planner] [INFO] [1789456932.553176655] [curobo_planner_node]: === PICK 딸기 raw=(-222,783,407)mm grasp=(-222,783,442)mm det_y=783mm x_bias=+0mm z_bias=+35mm ===
[planner] [INFO] [1789456932.553407262] [curobo_planner_node]: 1 open gripper for stem descent: set_position=600
[bridge]  [INFO] [1789456932.554561221] [sim_executor_bridge_node]: SetPosition called to 600
[planner] [INFO] [1789456932.606325521] [curobo_planner_node]: World updated (neighbor obstacles registered): static=1 dynamic=0 neighbor_spheres=1
[planner] [INFO] [1789456932.606801767] [curobo_planner_node]: Registered 1 neighbor sphere obstacle(s); self-excluded 1 within 50mm of target
[planner] [INFO] [1789456932.607275328] [curobo_planner_node]: 2 grasp (CuRobo 2-step 6cm pre) — trying 3 offsets × 4 quats | target=(-222,783,442)mm | start_J1=114.4°
[planner] [INFO] [1789456933.803299789] [curobo_planner_node]: Plan OK 1194ms 35pts 0.62s | goal=['-222', '491', '523']mm | end_J=[124.6, 2.8, 90.9, 282.2, 34.9, -7.3]deg
[planner] [INFO] [1789456935.054752237] [curobo_planner_node]: Plan OK 1250ms 31pts 0.56s | goal=['-222', '536', '515']mm | end_J=[121.2, 8.6, 85.7, 282.1, 31.5, -7.5]deg
[planner] [INFO] [1789456935.055588659] [curobo_planner_node]: Spline 12pts plan=0.62s exec=0.58s -> end=['124.6', '2.8', '90.9', '282.2', '34.9', '-7.3']deg
[bridge]  [INFO] [1789456935.057173025] [sim_executor_bridge_node]: MoveSplineJoint called with 12 points
[bridge]  [INFO] [1789456936.016768670] [sim_executor_bridge_node]: ARM_ARRIVAL MoveSpline: 잔차 0.28deg (손끝 1.3mm) / 대기 0.36s
[bridge]  [INFO] [1789456936.016964237] [sim_executor_bridge_node]: MoveSpline ok: 12 pts / 0.58s -> end=[124.6 2.8 90.9 282.2 34.9 -7.3]deg
[planner] [INFO] [1789456936.058113358] [curobo_planner_node]: PRE_APPROACH_REACHED — settling 0.3s before 45mm straight approach
[planner] [INFO] [1789456936.359004988] [curobo_planner_node]: FINAL_APPROACH_STRAIGHT TOOL +Z 45.0mm vel=60.0mm/s
[bridge]  [INFO] [1789456936.360573078] [sim_executor_bridge_node]: MoveLine called (pos=[ 0.  0. 45.  0.  0.  0.], ref=1, mode=1)
[bridge]  [INFO] [1789456940.078639945] [sim_executor_bridge_node]: ARM_ARRIVAL MoveLine: 잔차 0.28deg (손끝 1.9mm) / 대기 0.00s
[bridge]  [INFO] [1789456940.079498157] [sim_executor_bridge_node]: MOVELINE_END_ERR: along=-1.6mm lateral=0.4mm |err|=1.6mm (명령 45mm, TOOL)
[bridge]  [INFO] [1789456940.079775759] [sim_executor_bridge_node]: MoveLine 실이동 43.4mm / 명령 45mm
[bridge]  [INFO] [1789456940.079951320] [sim_executor_bridge_node]: MoveLine ok: 45mm / 23 steps / 계획 0.75s 실소요 3.72s (worst step joint delta 0.3deg)
[planner] [INFO] [1789456940.115846889] [curobo_planner_node]: GRASP_POSE_REACHED — offset=+0.015m pre=6cm+45mm+0mm variant=('base', [1, 0, 0], -10.0) elevation=-10.0deg (attempt 1/12)
[planner] [WARN] [1789456940.116539682] [curobo_planner_node]: OPEN_DESCENT_DYNAMIC: kp1_z=442mm reached_z=474mm overshoot=33mm extra_below_kp1=0mm -> descent=33mm
[planner] [INFO] [1789456940.116844133] [curobo_planner_node]: OPEN_STEM_DESCENT — gripper=600, BASE -Z 33mm to KP1
[planner] [INFO] [1789456940.117168390] [curobo_planner_node]: OPEN_STEM_DESCENT BASE REL xyz=[np.float64(0.0), np.float64(0.0), np.float64(-32.6)]mm dist=32.6mm vel=40.0mm/s
[bridge]  [INFO] [1789456940.118150345] [sim_executor_bridge_node]: MoveLine called (pos=[  0.           0.         -32.60535644   0.           0.
[bridge]     0.        ], ref=0, mode=1)
[bridge]  [INFO] [1789456943.060547843] [sim_executor_bridge_node]: ARM_ARRIVAL MoveLine: 잔차 0.26deg (손끝 0.5mm) / 대기 0.06s
[bridge]  [INFO] [1789456943.061061978] [sim_executor_bridge_node]: MOVELINE_END_ERR: along=-0.5mm lateral=0.2mm |err|=0.5mm (명령 33mm, BASE)
[bridge]  [INFO] [1789456943.061265544] [sim_executor_bridge_node]: MoveLine 실이동 32.1mm / 명령 33mm
[bridge]  [INFO] [1789456943.061418540] [sim_executor_bridge_node]: MoveLine ok: 33mm / 17 steps / 계획 0.82s 실소요 2.94s (worst step joint delta 0.6deg)
[planner] [INFO] [1789456943.073074927] [curobo_planner_node]: 3 close gripper + verify grasp
[bridge]  [INFO] [1789456943.074264147] [sim_executor_bridge_node]: SetPosition called to 700
[bridge]  [INFO] [1789456943.075246099] [sim_executor_bridge_node]: GRASP_JUDGE 줄기기준 along=+15.2mm(조우 -6~27) lateral=3.5mm(허용20) | 과실기준 d_tcp=37.6mm -> CONTACT
[bridge]  [INFO] [1789456943.075469296] [sim_executor_bridge_node]: GRASP_ATTACH 과실 (-222, 783, 407)mm -> /sim/grasp_event
[planner] [INFO] [1789456943.474730504] [curobo_planner_node]: VERIFY_GRASP: GRASP_CONTACT_DETECTED present_pos=670 current_raw=200 — jaw stopped before calibrated contact threshold (pos=670 <= 685); position-based grasp detected
[planner] [INFO] [1789456943.475248983] [curobo_planner_node]: 4 detach pull — BASE -Z 40mm at 50mm/s
[bridge]  [INFO] [1789456943.476366489] [sim_executor_bridge_node]: MoveLine called (pos=[  0.   0. -40.   0.   0.   0.], ref=0, mode=1)
[bridge]  [INFO] [1789456947.035091165] [sim_executor_bridge_node]: ARM_ARRIVAL MoveLine: 잔차 0.24deg (손끝 0.4mm) / 대기 0.08s
[bridge]  [INFO] [1789456947.035556619] [sim_executor_bridge_node]: MOVELINE_END_ERR: along=-0.4mm lateral=0.2mm |err|=0.4mm (명령 40mm, BASE)
[bridge]  [INFO] [1789456947.035836212] [sim_executor_bridge_node]: MoveLine 실이동 39.6mm / 명령 40mm
[bridge]  [INFO] [1789456947.035992358] [sim_executor_bridge_node]: MoveLine ok: 40mm / 20 steps / 계획 0.80s 실소요 3.56s (worst step joint delta 0.6deg)
[planner] [INFO] [1789456947.080933089] [curobo_planner_node]: DETACH_PULL_DOWN: BASE -Z 40mm -> OK
[planner] [INFO] [1789456947.081373458] [curobo_planner_node]: RETREAT TOOL -Z 45.0mm vel=80.0mm/s
[bridge]  [INFO] [1789456947.082319076] [sim_executor_bridge_node]: MoveLine called (pos=[  0.   0. -45.   0.   0.   0.], ref=1, mode=1)
[bridge]  [INFO] [1789456950.522665905] [sim_executor_bridge_node]: ARM_ARRIVAL MoveLine: 잔차 0.27deg (손끝 2.1mm) / 대기 0.04s
[bridge]  [INFO] [1789456950.523103159] [sim_executor_bridge_node]: MOVELINE_END_ERR: along=-2.0mm lateral=0.3mm |err|=2.1mm (명령 45mm, TOOL)
[bridge]  [INFO] [1789456950.523260270] [sim_executor_bridge_node]: MoveLine 실이동 43.0mm / 명령 45mm
[bridge]  [INFO] [1789456950.523403092] [sim_executor_bridge_node]: MoveLine ok: 45mm / 23 steps / 계획 0.56s 실소요 3.44s (worst step joint delta 0.3deg)
[planner] [WARN] [1789456950.837790413] [curobo_planner_node]: TAUGHT_TRAY_GRID_PLACE active: slot=1; fixed tray pose only; marker localization is bypassed
[planner] [INFO] [1789456950.841927951] [curobo_planner_node]: TAUGHT_TRAY_SLOT1_ABOVE generated from Slot0 FK + grid offset: clearance=120mm goal_mm=[451.9, 97.5, 185.6]
[planner] [INFO] [1789456950.892782272] [curobo_planner_node]: Operation speed set to 100%
[planner] [INFO] [1789456952.243936469] [curobo_planner_node]: Plan OK 1350ms 57pts 1.03s | goal=['452', '98', '186']mm | end_J=[14.4, 26.5, 134.1, 186.3, 70.3, 90.7]deg
[planner] [INFO] [1789456952.244681020] [curobo_planner_node]: Spline 12pts plan=1.03s exec=0.89s -> end=['14.4', '26.5', '134.1', '186.3', '70.3', '90.7']deg
[bridge]  [INFO] [1789456952.246077814] [sim_executor_bridge_node]: MoveSplineJoint called with 12 points
[bridge]  [INFO] [1789456953.587103515] [sim_executor_bridge_node]: ARM_ARRIVAL MoveSpline: 잔차 0.21deg (손끝 1.4mm) / 대기 0.40s
[bridge]  [INFO] [1789456953.587522475] [sim_executor_bridge_node]: MoveSpline ok: 12 pts / 0.92s -> end=[14.4 26.5 134.1 186.3 70.3 90.7]deg
[planner] [INFO] [1789456953.597095607] [curobo_planner_node]: TAUGHT_SLOT0_RELEASE_DESCEND BASE -Z 120mm
[planner] [INFO] [1789456953.597439819] [curobo_planner_node]: TAUGHT_SLOT0_RELEASE_DESCEND BASE REL xyz=[np.float64(0.0), np.float64(0.0), np.float64(-120.0)]mm dist=120.0mm vel=40.0mm/s
[bridge]  [INFO] [1789456953.598735220] [sim_executor_bridge_node]: MoveLine called (pos=[   0.    0. -120.    0.    0.    0.], ref=0, mode=1)
[bridge]  [INFO] [1789456953.600484776] [sim_executor_bridge_node]: MoveLine 120mm: 60 -> 24 steps (5.0mm/step, 자유공간 이송)
[bridge]  [INFO] [1789456958.650470158] [sim_executor_bridge_node]: ARM_ARRIVAL MoveLine: 잔차 0.26deg (손끝 1.2mm) / 대기 0.10s
[bridge]  [INFO] [1789456958.650965541] [sim_executor_bridge_node]: MOVELINE_END_ERR: along=-1.2mm lateral=0.1mm |err|=1.2mm (명령 120mm, BASE)
[bridge]  [INFO] [1789456958.651122447] [sim_executor_bridge_node]: MoveLine 실이동 118.8mm / 명령 120mm
[bridge]  [INFO] [1789456958.651266395] [sim_executor_bridge_node]: MoveLine ok: 120mm / 24 steps / 계획 2.00s 실소요 5.05s (worst step joint delta 1.0deg)
[planner] [WARN] [1789456958.657846703] [curobo_planner_node]: TAUGHT_TRAY_SLOT1_PLACE_RELEASE: position_cmd=600
[bridge]  [INFO] [1789456958.658763359] [sim_executor_bridge_node]: SetPosition called to 600
[bridge]  [INFO] [1789456958.659017540] [sim_executor_bridge_node]: GRASP_RELEASE -> /sim/grasp_event
[planner] [INFO] [1789456958.708705498] [curobo_planner_node]: TAUGHT_SLOT0_RELEASE_ASCEND joint-space return to above pose (avoid raw BASE +Z branch/limit jump after release)
[planner] [INFO] [1789456959.764089045] [curobo_planner_node]: Plan OK 1055ms 46pts 0.83s | goal=['452', '98', '186']mm | end_J=[14.4, 26.5, 134.1, 186.4, 70.3, 90.7]deg
[planner] [INFO] [1789456959.764939177] [curobo_planner_node]: Spline 12pts plan=0.83s exec=0.72s -> end=['14.4', '26.5', '134.1', '186.4', '70.3', '90.7']deg
[bridge]  [INFO] [1789456959.766969352] [sim_executor_bridge_node]: MoveSplineJoint called with 12 points
[bridge]  [INFO] [1789456960.755583665] [sim_executor_bridge_node]: ARM_ARRIVAL MoveSpline: 잔차 0.23deg (손끝 1.4mm) / 대기 0.26s
[bridge]  [INFO] [1789456960.755984721] [sim_executor_bridge_node]: MoveSpline ok: 12 pts / 0.72s -> end=[14.4 26.5 134.1 186.4 70.3 90.7]deg
[planner] [WARN] [1789456960.767581811] [curobo_planner_node]: TAUGHT_TRAY_SLOT_SEQUENCE: slot 1 -> 3 (sequence=[0, 1, 3, 4, 6, 7, 9, 10])
[planner] [INFO] [1789456960.768075922] [curobo_planner_node]: 7 return to pick-start scan pose
[planner] [INFO] [1789456962.323631621] [curobo_planner_node]: pick-start scan pose after pick/place JS Plan OK 1555ms 54pts 0.96s | goal=['114.4', '-8.5', '122.1', '227.1', '37.7', '48.3']deg
[planner] [INFO] [1789456962.324458264] [curobo_planner_node]: Spline 12pts plan=0.96s exec=0.84s -> end=['114.4', '-8.5', '122.1', '227.1', '37.7', '48.3']deg
[bridge]  [INFO] [1789456962.326051641] [sim_executor_bridge_node]: MoveSplineJoint called with 12 points
[bridge]  [INFO] [1789456963.560954191] [sim_executor_bridge_node]: ARM_ARRIVAL MoveSpline: 잔차 0.29deg (손끝 2.4mm) / 대기 0.38s
[bridge]  [INFO] [1789456963.561160587] [sim_executor_bridge_node]: MoveSpline ok: 12 pts / 0.84s -> end=[114.4 -8.5 122.1 227.1 37.7 48.3]deg
[planner] [INFO] [1789456963.580537370] [curobo_planner_node]: World updated (neighbor obstacles cleared): static=1 dynamic=0 neighbor_spheres=0
[bridge]  [INFO] [1789456963.581550484] [sim_executor_bridge_node]: SetPosition called to 600
[planner] [INFO] [1789456963.631400098] [curobo_planner_node]: === PICK COMPLETE (DETACH_SUCCESS_UNVERIFIED) ===
[scan]    [INFO] [1789456963.632946567] [scan_executor_node]: PICK_ATTEMPT_DONE root/sw/se 1/2 — planner sequence ended (success is verified by gripper/manual KPI, not this Empty topic)
[scan]    [INFO] [1789456963.633198278] [scan_executor_node]: PICK_ATTEMPT_SETTLE 1.0s before next target
[scan]    [INFO] [1789456964.634375908] [scan_executor_node]: PICK_ATTEMPT_BLACKLIST_ADD pos=(-87,783,435)mm radius=25mm
[scan]    [INFO] [1789456964.634940593] [scan_executor_node]: PICK_TRIGGER root/sw/se 2/2 pos=(-87,783,435)mm
[planner] [INFO] [1789456964.685958376] [curobo_planner_node]: Operation speed set to 100%
[planner] [INFO] [1789456964.686541197] [curobo_planner_node]: === PICK 딸기 raw=(-87,783,435)mm grasp=(-87,783,470)mm det_y=783mm x_bias=+0mm z_bias=+35mm ===
[planner] [INFO] [1789456964.686771959] [curobo_planner_node]: 1 open gripper for stem descent: set_position=600
[bridge]  [INFO] [1789456964.687740102] [sim_executor_bridge_node]: SetPosition called to 600
[planner] [INFO] [1789456964.741150745] [curobo_planner_node]: World updated (neighbor obstacles registered): static=1 dynamic=0 neighbor_spheres=0
[planner] [INFO] [1789456964.741469472] [curobo_planner_node]: Registered 0 neighbor sphere obstacle(s); self-excluded 1 within 50mm of target
[planner] [INFO] [1789456964.743509840] [curobo_planner_node]: 2 grasp (CuRobo 2-step 6cm pre) — trying 3 offsets × 4 quats | target=(-87,783,470)mm | start_J1=114.3°
[planner] [INFO] [1789456965.974717626] [curobo_planner_node]: Plan OK 1230ms 43pts 0.77s | goal=['-87', '491', '552']mm | end_J=[105.2, -6.1, 95.2, 306.3, 18.7, -34.4]deg
[planner] [INFO] [1789456967.262417114] [curobo_planner_node]: Plan OK 1286ms 31pts 0.56s | goal=['-87', '536', '544']mm | end_J=[103.4, 0.5, 90.1, 305.7, 16.3, -33.7]deg
[planner] [INFO] [1789456967.264453884] [curobo_planner_node]: Spline 12pts plan=0.77s exec=0.67s -> end=['105.2', '-6.1', '95.2', '306.3', '18.7', '-34.4']deg
[bridge]  [INFO] [1789456967.265497702] [sim_executor_bridge_node]: MoveSplineJoint called with 12 points
[bridge]  [INFO] [1789456968.378152738] [sim_executor_bridge_node]: ARM_ARRIVAL MoveSpline: 잔차 0.22deg (손끝 1.1mm) / 대기 0.40s
[bridge]  [INFO] [1789456968.378524667] [sim_executor_bridge_node]: MoveSpline ok: 12 pts / 0.69s -> end=[105.2 -6.1 95.2 306.3 18.7 -34.4]deg
[planner] [INFO] [1789456968.416767935] [curobo_planner_node]: PRE_APPROACH_REACHED — settling 0.3s before 45mm straight approach
[planner] [INFO] [1789456968.717569038] [curobo_planner_node]: FINAL_APPROACH_STRAIGHT TOOL +Z 45.0mm vel=60.0mm/s
[bridge]  [INFO] [1789456968.718732705] [sim_executor_bridge_node]: MoveLine called (pos=[ 0.  0. 45.  0.  0.  0.], ref=1, mode=1)
[bridge]  [INFO] [1789456972.364803017] [sim_executor_bridge_node]: ARM_ARRIVAL MoveLine: 잔차 0.29deg (손끝 2.0mm) / 대기 0.00s
[bridge]  [INFO] [1789456972.365928330] [sim_executor_bridge_node]: MOVELINE_END_ERR: along=-1.9mm lateral=0.4mm |err|=2.0mm (명령 45mm, TOOL)
[bridge]  [INFO] [1789456972.366097766] [sim_executor_bridge_node]: MoveLine 실이동 43.1mm / 명령 45mm
[bridge]  [INFO] [1789456972.366241733] [sim_executor_bridge_node]: MoveLine ok: 45mm / 23 steps / 계획 0.75s 실소요 3.65s (worst step joint delta 0.3deg)
[planner] [INFO] [1789456972.374572195] [curobo_planner_node]: GRASP_POSE_REACHED — offset=+0.015m pre=6cm+45mm+0mm variant=('base', [1, 0, 0], -10.0) elevation=-10.0deg (attempt 1/12)
[planner] [WARN] [1789456972.375239227] [curobo_planner_node]: OPEN_DESCENT_DYNAMIC: kp1_z=470mm reached_z=503mm overshoot=33mm extra_below_kp1=0mm -> descent=33mm
[planner] [INFO] [1789456972.375701552] [curobo_planner_node]: OPEN_STEM_DESCENT — gripper=600, BASE -Z 33mm to KP1
[planner] [INFO] [1789456972.376272340] [curobo_planner_node]: OPEN_STEM_DESCENT BASE REL xyz=[np.float64(0.0), np.float64(0.0), np.float64(-32.6)]mm dist=32.6mm vel=40.0mm/s
[bridge]  [INFO] [1789456972.377629738] [sim_executor_bridge_node]: MoveLine called (pos=[  0.           0.         -32.60535644   0.           0.
[bridge]     0.        ], ref=0, mode=1)
[bridge]  [INFO] [1789456975.358829452] [sim_executor_bridge_node]: ARM_ARRIVAL MoveLine: 잔차 0.27deg (손끝 0.2mm) / 대기 0.14s
[bridge]  [INFO] [1789456975.359807556] [sim_executor_bridge_node]: MOVELINE_END_ERR: along=-0.1mm lateral=0.2mm |err|=0.2mm (명령 33mm, BASE)
[bridge]  [INFO] [1789456975.359976073] [sim_executor_bridge_node]: MoveLine 실이동 32.5mm / 명령 33mm
[bridge]  [INFO] [1789456975.360118631] [sim_executor_bridge_node]: MoveLine ok: 33mm / 17 steps / 계획 0.82s 실소요 2.98s (worst step joint delta 1.1deg)
[planner] [INFO] [1789456975.381217181] [curobo_planner_node]: 3 close gripper + verify grasp
[bridge]  [INFO] [1789456975.382300302] [sim_executor_bridge_node]: SetPosition called to 700
[bridge]  [INFO] [1789456975.383431531] [sim_executor_bridge_node]: GRASP_JUDGE 줄기기준 along=+15.6mm(조우 -6~27) lateral=4.0mm(허용20) | 과실기준 d_tcp=37.4mm -> CONTACT
[bridge]  [INFO] [1789456975.383665651] [sim_executor_bridge_node]: GRASP_ATTACH 과실 (-87, 783, 435)mm -> /sim/grasp_event
[planner] [INFO] [1789456975.782163137] [curobo_planner_node]: VERIFY_GRASP: GRASP_CONTACT_DETECTED present_pos=670 current_raw=200 — jaw stopped before calibrated contact threshold (pos=670 <= 685); position-based grasp detected
[planner] [INFO] [1789456975.782614264] [curobo_planner_node]: 4 detach pull — BASE -Z 40mm at 50mm/s
[bridge]  [INFO] [1789456975.784279914] [sim_executor_bridge_node]: MoveLine called (pos=[  0.   0. -40.   0.   0.   0.], ref=0, mode=1)
[bridge]  [INFO] [1789456979.211462202] [sim_executor_bridge_node]: ARM_ARRIVAL MoveLine: 잔차 0.28deg (손끝 0.3mm) / 대기 0.16s
[bridge]  [INFO] [1789456979.211979688] [sim_executor_bridge_node]: MOVELINE_END_ERR: along=-0.0mm lateral=0.3mm |err|=0.3mm (명령 40mm, BASE)
[bridge]  [INFO] [1789456979.212188279] [sim_executor_bridge_node]: MoveLine 실이동 40.0mm / 명령 40mm
[bridge]  [INFO] [1789456979.212353012] [sim_executor_bridge_node]: MoveLine ok: 40mm / 20 steps / 계획 0.80s 실소요 3.43s (worst step joint delta 1.4deg)
[planner] [INFO] [1789456979.239232939] [curobo_planner_node]: DETACH_PULL_DOWN: BASE -Z 40mm -> OK
[planner] [INFO] [1789456979.239719434] [curobo_planner_node]: RETREAT TOOL -Z 45.0mm vel=80.0mm/s
[bridge]  [INFO] [1789456979.241455831] [sim_executor_bridge_node]: MoveLine called (pos=[  0.   0. -45.   0.   0.   0.], ref=1, mode=1)
[bridge]  [INFO] [1789456982.583755409] [sim_executor_bridge_node]: ARM_ARRIVAL MoveLine: 잔차 0.29deg (손끝 2.0mm) / 대기 0.04s
[bridge]  [INFO] [1789456982.584345316] [sim_executor_bridge_node]: MOVELINE_END_ERR: along=-1.9mm lateral=0.3mm |err|=2.0mm (명령 45mm, TOOL)
[bridge]  [INFO] [1789456982.584576877] [sim_executor_bridge_node]: MoveLine 실이동 43.1mm / 명령 45mm
[bridge]  [INFO] [1789456982.585590562] [sim_executor_bridge_node]: MoveLine ok: 45mm / 23 steps / 계획 0.56s 실소요 3.34s (worst step joint delta 0.3deg)
[planner] [WARN] [1789456982.898509394] [curobo_planner_node]: TAUGHT_TRAY_GRID_PLACE active: slot=3; fixed tray pose only; marker localization is bypassed
[planner] [INFO] [1789456982.900490707] [curobo_planner_node]: TAUGHT_TRAY_SLOT3_ABOVE generated from Slot0 FK + grid offset: clearance=120mm goal_mm=[519.9, 29.5, 185.6]
[planner] [INFO] [1789456982.951120606] [curobo_planner_node]: Operation speed set to 100%
[planner] [INFO] [1789456984.217726707] [curobo_planner_node]: Plan OK 1265ms 50pts 0.90s | goal=['520', '30', '186']mm | end_J=[0.7, 30.9, 124.1, 171.5, 64.9, 96.4]deg
[planner] [INFO] [1789456984.218592278] [curobo_planner_node]: Spline 12pts plan=0.90s exec=0.78s -> end=['0.7', '30.9', '124.1', '171.5', '64.9', '96.4']deg
[bridge]  [INFO] [1789456984.220124060] [sim_executor_bridge_node]: MoveSplineJoint called with 12 points
[bridge]  [INFO] [1789456985.520366356] [sim_executor_bridge_node]: ARM_ARRIVAL MoveSpline: 잔차 0.23deg (손끝 1.2mm) / 대기 0.40s
[bridge]  [INFO] [1789456985.520644725] [sim_executor_bridge_node]: MoveSpline ok: 12 pts / 0.88s -> end=[0.7 30.9 124.1 171.5 64.9 96.4]deg
[planner] [INFO] [1789456985.571087004] [curobo_planner_node]: TAUGHT_SLOT0_RELEASE_DESCEND BASE -Z 120mm
[planner] [INFO] [1789456985.571542100] [curobo_planner_node]: TAUGHT_SLOT0_RELEASE_DESCEND BASE REL xyz=[np.float64(0.0), np.float64(0.0), np.float64(-120.0)]mm dist=120.0mm vel=40.0mm/s
[bridge]  [INFO] [1789456985.573036086] [sim_executor_bridge_node]: MoveLine called (pos=[   0.    0. -120.    0.    0.    0.], ref=0, mode=1)
[bridge]  [INFO] [1789456985.575103251] [sim_executor_bridge_node]: MoveLine 120mm: 60 -> 24 steps (5.0mm/step, 자유공간 이송)
[bridge]  [INFO] [1789456990.532341545] [sim_executor_bridge_node]: ARM_ARRIVAL MoveLine: 잔차 0.26deg (손끝 1.4mm) / 대기 0.06s
[bridge]  [INFO] [1789456990.534748175] [sim_executor_bridge_node]: MOVELINE_END_ERR: along=-1.4mm lateral=0.1mm |err|=1.4mm (명령 120mm, BASE)
[bridge]  [INFO] [1789456990.534900619] [sim_executor_bridge_node]: MoveLine 실이동 118.6mm / 명령 120mm
[bridge]  [INFO] [1789456990.535038543] [sim_executor_bridge_node]: MoveLine ok: 120mm / 24 steps / 계획 2.00s 실소요 4.96s (worst step joint delta 0.9deg)
[planner] [WARN] [1789456990.580394584] [curobo_planner_node]: TAUGHT_TRAY_SLOT3_PLACE_RELEASE: position_cmd=600
[bridge]  [INFO] [1789456990.581543773] [sim_executor_bridge_node]: SetPosition called to 600
[bridge]  [INFO] [1789456990.582090410] [sim_executor_bridge_node]: GRASP_RELEASE -> /sim/grasp_event
[planner] [INFO] [1789456990.631170857] [curobo_planner_node]: TAUGHT_SLOT0_RELEASE_ASCEND joint-space return to above pose (avoid raw BASE +Z branch/limit jump after release)
[planner] [INFO] [1789456991.706086560] [curobo_planner_node]: Plan OK 1074ms 31pts 0.56s | goal=['520', '30', '186']mm | end_J=[0.7, 30.9, 124.1, 171.5, 64.9, 96.4]deg
[planner] [INFO] [1789456991.706841508] [curobo_planner_node]: Spline 12pts plan=0.56s exec=0.58s -> end=['0.7', '30.9', '124.1', '171.5', '64.9', '96.4']deg
[bridge]  [INFO] [1789456991.707742547] [sim_executor_bridge_node]: MoveSplineJoint called with 12 points
[bridge]  [INFO] [1789456992.574226862] [sim_executor_bridge_node]: ARM_ARRIVAL MoveSpline: 잔차 0.22deg (손끝 1.3mm) / 대기 0.28s
[bridge]  [INFO] [1789456992.574613358] [sim_executor_bridge_node]: MoveSpline ok: 12 pts / 0.58s -> end=[0.7 30.9 124.1 171.5 64.9 96.4]deg
[planner] [WARN] [1789456992.608745264] [curobo_planner_node]: TAUGHT_TRAY_SLOT_SEQUENCE: slot 3 -> 4 (sequence=[0, 1, 3, 4, 6, 7, 9, 10])
[planner] [INFO] [1789456992.609343685] [curobo_planner_node]: 7 return to pick-start scan pose
[planner] [INFO] [1789456994.228518039] [curobo_planner_node]: pick-start scan pose after pick/place JS Plan OK 1618ms 57pts 1.01s | goal=['114.3', '-8.5', '122.2', '227.1', '37.7', '48.3']deg
[planner] [INFO] [1789456994.229276054] [curobo_planner_node]: Spline 12pts plan=1.01s exec=0.88s -> end=['114.3', '-8.5', '122.2', '227.1', '37.7', '48.3']deg
[bridge]  [INFO] [1789456994.230492986] [sim_executor_bridge_node]: MoveSplineJoint called with 12 points
[bridge]  [INFO] [1789456995.578156632] [sim_executor_bridge_node]: ARM_ARRIVAL MoveSpline: 잔차 0.27deg (손끝 2.2mm) / 대기 0.38s
[bridge]  [INFO] [1789456995.578557760] [sim_executor_bridge_node]: MoveSpline ok: 12 pts / 0.95s -> end=[114.3 -8.5 122.2 227.1 37.7 48.3]deg
[bridge]  [INFO] [1789456995.582824774] [sim_executor_bridge_node]: SetPosition called to 600
[planner] [INFO] [1789456995.632809820] [curobo_planner_node]: === PICK COMPLETE (DETACH_SUCCESS_UNVERIFIED) ===
[scan]    [INFO] [1789456995.633437369] [scan_executor_node]: PICK_ATTEMPT_DONE root/sw/se 2/2 — planner sequence ended (success is verified by gripper/manual KPI, not this Empty topic)
[scan]    [INFO] [1789456995.633863597] [scan_executor_node]: PICK_ATTEMPT_SETTLE 1.0s before next target
[scan]    [INFO] [1789456996.635204038] [scan_executor_node]: PICK_SEQUENCE_DONE root/sw/se — 2/2 attempted
[vision]  [INFO] [1789456996.635982157] [fake_vision_node]: SCAN_CELL root/sw/se (PICK_ATTEMPTED) -> 시야 = x[-0.495,0.050] z[0.265,0.660]
[scan]    [INFO] [1789456996.848127250] [scan_executor_node]: SUBCELL_POSE root/sw/nw tier=lab_plane dJ_max=43.8deg dJ=[4 28 44 9 5 18] ee_mm=[-247.7, 317.3, 533.9] -> [-384.0, 433.0, 632.6] joints_deg=[146.3 15.8 65.3 -88.8 58.3 -7.7] (실기 깊이 2 평면 y=0.433 로 이동, 부모 시드 IK)
[scan]    [INFO] [1789456996.848526572] [scan_executor_node]: MOVING_TO root/sw/nw  endpoint_deg=[146.3 15.8 65.3 -88.8 58.3 -7.7]  (direct MoveJoint, YAML pose)
[scan]    [INFO] [1789456996.848724988] [scan_executor_node]: Joint equivalent rewrite J4 -88.8 -> 271.2 deg (current 227.1, shorter by 271.7 deg)
[scan]    [INFO] [1789456996.848924843] [scan_executor_node]: Joint equivalent rewrite J4 -88.8 -> 271.2 deg (current 227.1, shorter by 271.7 deg)
[bridge]  [INFO] [1789456996.850077035] [sim_executor_bridge_node]: MoveJoint called to [146.3, 15.8, 65.3, 271.2, 58.3, -7.7] (vel=120 acc=180 time=0.00)
[bridge]  [WARN] [1789456996.850504242] [sim_executor_bridge_node]: MOVEJ_OVER_DOOSAN_MOVEIT J3 acc 180>150 — 두산 공식 MoveIt 설정 초과, 자르지 않고 실행
[bridge]  [INFO] [1789456997.975856503] [sim_executor_bridge_node]: MoveJoint profile: span 56.9deg / 1.12s (225 steps)
[bridge]  [INFO] [1789456998.177908332] [sim_executor_bridge_node]: ARM_ARRIVAL MoveJoint: 잔차 0.29deg (손끝 1.8mm) / 대기 0.20s
[scan]    [INFO] [1789456998.200919175] [scan_executor_node]: MoveJoint response: success=True  target=[146.3 15.8 65.3 271.2 58.3 -7.7]  vel=120.0  acc=180.0
[scan]    [INFO] [1789456998.201286014] [scan_executor_node]: AT_SCAN_POSE root/sw/nw joints_deg=[146.1 15.7 65.5 271.0 58.2 -7.5] — adaptive detection wait up to 3.0s
[vision]  [INFO] [1789456998.201725018] [fake_vision_node]: SCAN_CELL root/sw/nw (VIEWING) -> 시야 = x[-0.495,-0.223] z[0.463,0.660]
[scan]    [INFO] [1789457001.205502493] [scan_executor_node]: SUBCELL_SCAN root/sw/nw raw=3 in_cell=3 unique=1 (분면 시야 중 이 칸의 것만)
[scan]    [INFO] [1789457001.206713433] [scan_executor_node]: PICK_SEQUENCE_START root/sw/nw — 1 candidate targets (raw=1 skipped_attempted=0)
[scan]    [INFO] [1789457001.206900695] [scan_executor_node]: PICK_ALL_DETECTED_TARGETS root/sw/nw timeout=60s max_total_picks=0
[scan]    [INFO] [1789457001.207180108] [scan_executor_node]: PICK_ATTEMPT_BLACKLIST_ADD pos=(-364,783,571)mm radius=25mm
[scan]    [INFO] [1789457001.207744796] [scan_executor_node]: PICK_TRIGGER root/sw/nw 1/1 pos=(-364,783,571)mm
[planner] [INFO] [1789457001.258737843] [curobo_planner_node]: Operation speed set to 100%
[planner] [INFO] [1789457001.259334169] [curobo_planner_node]: === PICK 딸기 raw=(-364,783,571)mm grasp=(-364,783,606)mm det_y=783mm x_bias=+0mm z_bias=+35mm ===
[planner] [INFO] [1789457001.259556141] [curobo_planner_node]: 1 open gripper for stem descent: set_position=600
[bridge]  [INFO] [1789457001.260487633] [sim_executor_bridge_node]: SetPosition called to 600
[planner] [INFO] [1789457001.311294465] [curobo_planner_node]: World updated (neighbor obstacles registered): static=1 dynamic=0 neighbor_spheres=0
[planner] [INFO] [1789457001.311689945] [curobo_planner_node]: Registered 0 neighbor sphere obstacle(s); self-excluded 1 within 50mm of target
[planner] [INFO] [1789457001.312233619] [curobo_planner_node]: 2 grasp (CuRobo 2-step 6cm pre) — trying 3 offsets × 4 quats | target=(-359,783,606)mm | start_J1=146.3°
[planner] [INFO] [1789457002.561063079] [curobo_planner_node]: Plan OK 1248ms 31pts 0.56s | goal=['-359', '491', '687']mm | end_J=[138.2, 23.8, 38.8, 301.9, 59.8, -39.3]deg
[planner] [INFO] [1789457003.769227981] [curobo_planner_node]: Plan OK 1207ms 31pts 0.56s | goal=['-359', '536', '679']mm | end_J=[134.5, 30.1, 30.6, 305.7, 58.1, -43.3]deg
[planner] [INFO] [1789457003.770054879] [curobo_planner_node]: Spline 12pts plan=0.56s exec=0.58s -> end=['138.2', '23.8', '38.8', '301.9', '59.8', '-39.3']deg
[bridge]  [INFO] [1789457003.771300066] [sim_executor_bridge_node]: MoveSplineJoint called with 12 points
[bridge]  [INFO] [1789457004.662816161] [sim_executor_bridge_node]: ARM_ARRIVAL MoveSpline: 잔차 0.26deg (손끝 1.8mm) / 대기 0.30s
[bridge]  [INFO] [1789457004.663216395] [sim_executor_bridge_node]: MoveSpline ok: 12 pts / 0.58s -> end=[138.2 23.8 38.8 301.9 59.8 -39.3]deg
[planner] [INFO] [1789457004.672186948] [curobo_planner_node]: PRE_APPROACH_REACHED — settling 0.3s before 45mm straight approach
[planner] [INFO] [1789457004.973235525] [curobo_planner_node]: FINAL_APPROACH_STRAIGHT TOOL +Z 45.0mm vel=60.0mm/s
[bridge]  [INFO] [1789457004.974253832] [sim_executor_bridge_node]: MoveLine called (pos=[ 0.  0. 45.  0.  0.  0.], ref=1, mode=1)
[bridge]  [INFO] [1789457008.476649735] [sim_executor_bridge_node]: ARM_ARRIVAL MoveLine: 잔차 0.30deg (손끝 1.3mm) / 대기 0.04s
[bridge]  [INFO] [1789457008.477518684] [sim_executor_bridge_node]: MOVELINE_END_ERR: along=-0.4mm lateral=1.3mm |err|=1.3mm (명령 45mm, TOOL)
[bridge]  [INFO] [1789457008.477708198] [sim_executor_bridge_node]: MoveLine 실이동 44.6mm / 명령 45mm
[bridge]  [INFO] [1789457008.477846365] [sim_executor_bridge_node]: MoveLine ok: 45mm / 23 steps / 계획 0.75s 실소요 3.50s (worst step joint delta 0.4deg)
[planner] [INFO] [1789457008.479444423] [curobo_planner_node]: GRASP_POSE_REACHED — offset=+0.015m pre=6cm+45mm+0mm variant=('base', [1, 0, 0], -10.0) elevation=-10.0deg (attempt 1/12)
[planner] [WARN] [1789457008.479950285] [curobo_planner_node]: OPEN_DESCENT_DYNAMIC: kp1_z=606mm reached_z=639mm overshoot=33mm extra_below_kp1=0mm -> descent=33mm
[planner] [INFO] [1789457008.481022175] [curobo_planner_node]: OPEN_STEM_DESCENT — gripper=600, BASE -Z 33mm to KP1
[planner] [INFO] [1789457008.481585312] [curobo_planner_node]: OPEN_STEM_DESCENT BASE REL xyz=[np.float64(0.0), np.float64(0.0), np.float64(-32.6)]mm dist=32.6mm vel=40.0mm/s
[bridge]  [INFO] [1789457008.482368510] [sim_executor_bridge_node]: MoveLine called (pos=[  0.           0.         -32.60535644   0.           0.
[bridge]     0.        ], ref=0, mode=1)
[bridge]  [INFO] [1789457011.295060766] [sim_executor_bridge_node]: ARM_ARRIVAL MoveLine: 잔차 0.30deg (손끝 0.7mm) / 대기 0.04s
[bridge]  [INFO] [1789457011.295856585] [sim_executor_bridge_node]: MOVELINE_END_ERR: along=+0.0mm lateral=0.7mm |err|=0.7mm (명령 33mm, BASE)
[bridge]  [INFO] [1789457011.296219147] [sim_executor_bridge_node]: MoveLine 실이동 32.6mm / 명령 33mm
[bridge]  [INFO] [1789457011.296574794] [sim_executor_bridge_node]: MoveLine ok: 33mm / 17 steps / 계획 0.82s 실소요 2.81s (worst step joint delta 0.8deg)
[planner] [INFO] [1789457011.336478771] [curobo_planner_node]: 3 close gripper + verify grasp
[bridge]  [INFO] [1789457011.337574719] [sim_executor_bridge_node]: SetPosition called to 700
[bridge]  [INFO] [1789457011.341659807] [sim_executor_bridge_node]: GRASP_JUDGE 줄기기준 along=+13.5mm(조우 -6~27) lateral=6.9mm(허용20) | 과실기준 d_tcp=34.9mm -> CONTACT
[bridge]  [INFO] [1789457011.342109377] [sim_executor_bridge_node]: GRASP_ATTACH 과실 (-364, 783, 571)mm -> /sim/grasp_event
[planner] [INFO] [1789457011.737777025] [curobo_planner_node]: VERIFY_GRASP: GRASP_CONTACT_DETECTED present_pos=670 current_raw=200 — jaw stopped before calibrated contact threshold (pos=670 <= 685); position-based grasp detected
[planner] [INFO] [1789457011.738319936] [curobo_planner_node]: 4 detach pull — BASE -Z 40mm at 50mm/s
[bridge]  [INFO] [1789457011.739642270] [sim_executor_bridge_node]: MoveLine called (pos=[  0.   0. -40.   0.   0.   0.], ref=0, mode=1)
[bridge]  [INFO] [1789457014.787519618] [sim_executor_bridge_node]: ARM_ARRIVAL MoveLine: 잔차 0.29deg (손끝 0.7mm) / 대기 0.04s
[bridge]  [INFO] [1789457014.788021312] [sim_executor_bridge_node]: MOVELINE_END_ERR: along=-0.4mm lateral=0.5mm |err|=0.7mm (명령 40mm, BASE)
[bridge]  [INFO] [1789457014.788239685] [sim_executor_bridge_node]: MoveLine 실이동 39.6mm / 명령 40mm
[bridge]  [INFO] [1789457014.788449272] [sim_executor_bridge_node]: MoveLine ok: 40mm / 20 steps / 계획 0.80s 실소요 3.05s (worst step joint delta 0.6deg)
[planner] [INFO] [1789457014.793346852] [curobo_planner_node]: DETACH_PULL_DOWN: BASE -Z 40mm -> OK
[planner] [INFO] [1789457014.794040080] [curobo_planner_node]: RETREAT TOOL -Z 45.0mm vel=80.0mm/s
[bridge]  [INFO] [1789457014.795293578] [sim_executor_bridge_node]: MoveLine called (pos=[  0.   0. -45.   0.   0.   0.], ref=1, mode=1)
[bridge]  [INFO] [1789457018.054977886] [sim_executor_bridge_node]: ARM_ARRIVAL MoveLine: 잔차 0.24deg (손끝 2.2mm) / 대기 0.04s
[bridge]  [INFO] [1789457018.055527614] [sim_executor_bridge_node]: MOVELINE_END_ERR: along=-2.1mm lateral=0.7mm |err|=2.2mm (명령 45mm, TOOL)
[bridge]  [INFO] [1789457018.055740833] [sim_executor_bridge_node]: MoveLine 실이동 42.9mm / 명령 45mm
[bridge]  [INFO] [1789457018.055939005] [sim_executor_bridge_node]: MoveLine ok: 45mm / 23 steps / 계획 0.56s 실소요 3.26s (worst step joint delta 0.3deg)
[planner] [WARN] [1789457018.400620082] [curobo_planner_node]: TAUGHT_TRAY_GRID_PLACE active: slot=4; fixed tray pose only; marker localization is bypassed
[planner] [INFO] [1789457018.401399581] [curobo_planner_node]: TAUGHT_TRAY_SLOT4_ABOVE generated from Slot0 FK + grid offset: clearance=120mm goal_mm=[451.9, 29.5, 185.6]
[planner] [INFO] [1789457018.452684593] [curobo_planner_node]: Operation speed set to 100%
[planner] [INFO] [1789457019.654664939] [curobo_planner_node]: Plan OK 1201ms 67pts 1.21s | goal=['452', '30', '186']mm | end_J=[0.8, 26.1, 135.0, 351.9, -71.1, -84.6]deg
[planner] [INFO] [1789457019.655452187] [curobo_planner_node]: Spline 12pts plan=1.21s exec=1.05s -> end=['0.8', '26.1', '135.0', '351.9', '-71.1', '-84.6']deg
[bridge]  [INFO] [1789457019.656954361] [sim_executor_bridge_node]: MoveSplineJoint called with 12 points
[bridge]  [INFO] [1789457021.253727623] [sim_executor_bridge_node]: ARM_ARRIVAL MoveSpline: 잔차 0.29deg (손끝 2.1mm) / 대기 0.38s
[bridge]  [INFO] [1789457021.254103378] [sim_executor_bridge_node]: MoveSpline ok: 12 pts / 1.19s -> end=[0.8 26.1 135.0 351.9 -71.1 -84.6]deg
[planner] [INFO] [1789457021.259372911] [curobo_planner_node]: TAUGHT_SLOT0_RELEASE_DESCEND BASE -Z 120mm
[planner] [INFO] [1789457021.259811155] [curobo_planner_node]: TAUGHT_SLOT0_RELEASE_DESCEND BASE REL xyz=[np.float64(0.0), np.float64(0.0), np.float64(-120.0)]mm dist=120.0mm vel=40.0mm/s
[bridge]  [INFO] [1789457021.260963520] [sim_executor_bridge_node]: MoveLine called (pos=[   0.    0. -120.    0.    0.    0.], ref=0, mode=1)
[bridge]  [INFO] [1789457021.262053371] [sim_executor_bridge_node]: MoveLine 120mm: 60 -> 24 steps (5.0mm/step, 자유공간 이송)
[bridge]  [INFO] [1789457026.353314868] [sim_executor_bridge_node]: ARM_ARRIVAL MoveLine: 잔차 0.29deg (손끝 1.4mm) / 대기 0.08s
[bridge]  [INFO] [1789457026.353732682] [sim_executor_bridge_node]: MOVELINE_END_ERR: along=-1.4mm lateral=0.1mm |err|=1.4mm (명령 120mm, BASE)
[bridge]  [INFO] [1789457026.354727168] [sim_executor_bridge_node]: MoveLine 실이동 118.6mm / 명령 120mm
[bridge]  [INFO] [1789457026.354882044] [sim_executor_bridge_node]: MoveLine ok: 120mm / 24 steps / 계획 2.00s 실소요 5.09s (worst step joint delta 1.0deg)
[planner] [WARN] [1789457026.367471416] [curobo_planner_node]: TAUGHT_TRAY_SLOT4_PLACE_RELEASE: position_cmd=600
[bridge]  [INFO] [1789457026.368586162] [sim_executor_bridge_node]: SetPosition called to 600
[bridge]  [INFO] [1789457026.369001253] [sim_executor_bridge_node]: GRASP_RELEASE -> /sim/grasp_event
[planner] [INFO] [1789457026.417916002] [curobo_planner_node]: TAUGHT_SLOT0_RELEASE_ASCEND joint-space return to above pose (avoid raw BASE +Z branch/limit jump after release)
[planner] [INFO] [1789457027.347722113] [curobo_planner_node]: Plan OK 929ms 84pts 1.51s | goal=['452', '30', '186']mm | end_J=[0.9, 26.1, 135.0, 352.0, -71.0, -84.6]deg
[planner] [INFO] [1789457027.348680424] [curobo_planner_node]: Spline 12pts plan=1.51s exec=1.31s -> end=['0.9', '26.1', '135.0', '352.0', '-71.0', '-84.6']deg
[bridge]  [INFO] [1789457027.350744194] [sim_executor_bridge_node]: MoveSplineJoint called with 12 points
[bridge]  [INFO] [1789457028.958958638] [sim_executor_bridge_node]: ARM_ARRIVAL MoveSpline: 잔차 0.27deg (손끝 0.8mm) / 대기 0.28s
[bridge]  [INFO] [1789457028.959160945] [sim_executor_bridge_node]: MoveSpline ok: 12 pts / 1.31s -> end=[0.9 26.1 135.0 352.0 -71.0 -84.6]deg
[planner] [WARN] [1789457029.002123499] [curobo_planner_node]: TAUGHT_TRAY_SLOT_SEQUENCE: slot 4 -> 6 (sequence=[0, 1, 3, 4, 6, 7, 9, 10])
[planner] [INFO] [1789457029.002573248] [curobo_planner_node]: 7 return to pick-start scan pose
[planner] [INFO] [1789457030.694063325] [curobo_planner_node]: pick-start scan pose after pick/place JS Plan OK 1691ms 96pts 1.72s | goal=['146.3', '15.8', '65.3', '271.2', '58.3', '-7.7']deg
[planner] [INFO] [1789457030.694875779] [curobo_planner_node]: Spline 12pts plan=1.72s exec=1.50s -> end=['146.3', '15.8', '65.3', '271.2', '58.3', '-7.7']deg
[bridge]  [INFO] [1789457030.696289969] [sim_executor_bridge_node]: MoveSplineJoint called with 12 points
[bridge]  [INFO] [1789457032.580692196] [sim_executor_bridge_node]: ARM_ARRIVAL MoveSpline: 잔차 0.30deg (손끝 2.8mm) / 대기 0.36s
[bridge]  [INFO] [1789457032.581063310] [sim_executor_bridge_node]: MoveSpline ok: 12 pts / 1.50s -> end=[146.3 15.8 65.3 271.2 58.3 -7.7]deg
[bridge]  [INFO] [1789457032.598666270] [sim_executor_bridge_node]: SetPosition called to 600
[planner] [INFO] [1789457032.648351431] [curobo_planner_node]: === PICK COMPLETE (DETACH_SUCCESS_UNVERIFIED) ===
[scan]    [INFO] [1789457032.649224096] [scan_executor_node]: PICK_ATTEMPT_DONE root/sw/nw 1/1 — planner sequence ended (success is verified by gripper/manual KPI, not this Empty topic)
[scan]    [INFO] [1789457032.649624511] [scan_executor_node]: PICK_ATTEMPT_SETTLE 1.0s before next target
[scan]    [INFO] [1789457033.651153461] [scan_executor_node]: PICK_SEQUENCE_DONE root/sw/nw — 1/1 attempted
[vision]  [INFO] [1789457033.651920833] [fake_vision_node]: SCAN_CELL root/sw/nw (PICK_ATTEMPTED) -> 시야 = x[-0.495,0.050] z[0.265,0.660]
[scan]    [INFO] [1789457033.946728300] [scan_executor_node]: SUBCELL_POSE root/sw/ne tier=parent_y dJ_max=26.2deg dJ=[21 16 5 18 21 26] ee_mm=[-247.7, 317.3, 533.9] -> [-111.5, 317.3, 632.6] joints_deg=[129.1 -28.0 104.4 -80.2 42.0 -15.8] (부모 y 유지, x·z 평행이동, 부모 시드 IK)
[scan]    [INFO] [1789457033.947107349] [scan_executor_node]: MOVING_TO root/sw/ne  endpoint_deg=[129.1 -28.0 104.4 -80.2 42.0 -15.8]  (direct MoveJoint, YAML pose)
[scan]    [INFO] [1789457033.947315888] [scan_executor_node]: Joint equivalent rewrite J4 -80.2 -> 279.8 deg (current 271.2, shorter by 342.8 deg)
[scan]    [INFO] [1789457033.947538282] [scan_executor_node]: Joint equivalent rewrite J4 -80.2 -> 279.8 deg (current 271.2, shorter by 342.8 deg)
[bridge]  [INFO] [1789457033.948361539] [sim_executor_bridge_node]: MoveJoint called to [129.1, -28.0, 104.4, 279.8, 42.0, -15.8] (vel=120 acc=180 time=0.00)
[bridge]  [WARN] [1789457033.948757666] [sim_executor_bridge_node]: MOVEJ_OVER_DOOSAN_MOVEIT J2 acc 180>120  J3 acc 160>150 — 두산 공식 MoveIt 설정 초과, 자르지 않고 실행
[bridge]  [INFO] [1789457034.936921571] [sim_executor_bridge_node]: MoveJoint profile: span 43.9deg / 0.99s (198 steps)
[bridge]  [INFO] [1789457035.161540426] [sim_executor_bridge_node]: ARM_ARRIVAL MoveJoint: 잔차 0.28deg (손끝 1.8mm) / 대기 0.22s
[scan]    [INFO] [1789457035.199799017] [scan_executor_node]: MoveJoint response: success=True  target=[129.1 -28.0 104.4 279.8 42.0 -15.8]  vel=120.0  acc=180.0
[scan]    [INFO] [1789457035.200453970] [scan_executor_node]: AT_SCAN_POSE root/sw/ne joints_deg=[129.2 -27.8 104.3 279.8 42.1 -15.8] — adaptive detection wait up to 3.0s
[scan]    [INFO] [1789457038.205102161] [scan_executor_node]: SUBCELL_SCAN root/sw/ne raw=3 in_cell=3 unique=1 (분면 시야 중 이 칸의 것만)
[scan]    [INFO] [1789457038.205824571] [scan_executor_node]: PICK_SEQUENCE_START root/sw/ne — 1 candidate targets (raw=1 skipped_attempted=0)
[scan]    [INFO] [1789457038.206216273] [scan_executor_node]: PICK_ALL_DETECTED_TARGETS root/sw/ne timeout=60s max_total_picks=0
[scan]    [INFO] [1789457038.206621194] [scan_executor_node]: PICK_ATTEMPT_BLACKLIST_ADD pos=(31,783,502)mm radius=25mm
[scan]    [INFO] [1789457038.207080429] [scan_executor_node]: PICK_TRIGGER root/sw/ne 1/1 pos=(31,783,502)mm
[planner] [INFO] [1789457038.258225679] [curobo_planner_node]: Operation speed set to 100%
[planner] [INFO] [1789457038.258921731] [curobo_planner_node]: === PICK 딸기 raw=(31,783,502)mm grasp=(31,783,537)mm det_y=783mm x_bias=+0mm z_bias=+35mm ===
[planner] [INFO] [1789457038.259218109] [curobo_planner_node]: 1 open gripper for stem descent: set_position=600
[bridge]  [INFO] [1789457038.259918308] [sim_executor_bridge_node]: SetPosition called to 600
[planner] [INFO] [1789457038.313018125] [curobo_planner_node]: World updated (neighbor obstacles registered): static=1 dynamic=0 neighbor_spheres=0
[planner] [INFO] [1789457038.314167364] [curobo_planner_node]: Registered 0 neighbor sphere obstacle(s); self-excluded 1 within 50mm of target
[planner] [INFO] [1789457038.314571948] [curobo_planner_node]: 2 grasp (CuRobo 2-step 6cm pre) — trying 3 offsets × 4 quats | target=(31,783,537)mm | start_J1=129.1°
[planner] [INFO] [1789457039.700109707] [curobo_planner_node]: Plan OK 1384ms 45pts 0.81s | goal=['31', '491', '619']mm | end_J=[84.5, -6.6, 85.2, 194.5, -22.1, 76.3]deg
[planner] [INFO] [1789457040.845054017] [curobo_planner_node]: Plan OK 1144ms 31pts 0.56s | goal=['31', '536', '611']mm | end_J=[85.2, -0.1, 80.3, 193.8, -20.3, 76.9]deg
[planner] [INFO] [1789457040.845854365] [curobo_planner_node]: Spline 12pts plan=0.81s exec=0.71s -> end=['84.5', '-6.6', '85.2', '194.5', '-22.1', '76.3']deg
[bridge]  [INFO] [1789457040.847684353] [sim_executor_bridge_node]: MoveSplineJoint called with 12 points
[bridge]  [INFO] [1789457042.017540760] [sim_executor_bridge_node]: ARM_ARRIVAL MoveSpline: 잔차 0.29deg (손끝 1.4mm) / 대기 0.38s
[bridge]  [INFO] [1789457042.017936832] [sim_executor_bridge_node]: MoveSpline ok: 12 pts / 0.77s -> end=[84.5 -6.6 85.2 194.5 -22.1 76.3]deg
[planner] [INFO] [1789457042.048836578] [curobo_planner_node]: PRE_APPROACH_REACHED — settling 0.3s before 45mm straight approach
[planner] [INFO] [1789457042.349587929] [curobo_planner_node]: FINAL_APPROACH_STRAIGHT TOOL +Z 45.0mm vel=60.0mm/s
[bridge]  [INFO] [1789457042.350687603] [sim_executor_bridge_node]: MoveLine called (pos=[ 0.  0. 45.  0.  0.  0.], ref=1, mode=1)
[bridge]  [INFO] [1789457045.770419343] [sim_executor_bridge_node]: ARM_ARRIVAL MoveLine: 잔차 0.27deg (손끝 1.7mm) / 대기 0.00s
[bridge]  [INFO] [1789457045.772272987] [sim_executor_bridge_node]: MOVELINE_END_ERR: along=-1.6mm lateral=0.6mm |err|=1.7mm (명령 45mm, TOOL)
[bridge]  [INFO] [1789457045.772424195] [sim_executor_bridge_node]: MoveLine 실이동 43.4mm / 명령 45mm
[bridge]  [INFO] [1789457045.772563550] [sim_executor_bridge_node]: MoveLine ok: 45mm / 23 steps / 계획 0.75s 실소요 3.42s (worst step joint delta 0.3deg)
[planner] [INFO] [1789457045.805449344] [curobo_planner_node]: GRASP_POSE_REACHED — offset=+0.015m pre=6cm+45mm+0mm variant=('base', [1, 0, 0], -10.0) elevation=-10.0deg (attempt 1/12)
[planner] [WARN] [1789457045.806104908] [curobo_planner_node]: OPEN_DESCENT_DYNAMIC: kp1_z=537mm reached_z=570mm overshoot=33mm extra_below_kp1=0mm -> descent=33mm
[planner] [INFO] [1789457045.806569266] [curobo_planner_node]: OPEN_STEM_DESCENT — gripper=600, BASE -Z 33mm to KP1
[planner] [INFO] [1789457045.807114755] [curobo_planner_node]: OPEN_STEM_DESCENT BASE REL xyz=[np.float64(0.0), np.float64(0.0), np.float64(-32.6)]mm dist=32.6mm vel=40.0mm/s
[bridge]  [INFO] [1789457045.808530687] [sim_executor_bridge_node]: MoveLine called (pos=[  0.           0.         -32.60535644   0.           0.
[bridge]     0.        ], ref=0, mode=1)
[bridge]  [INFO] [1789457048.624613975] [sim_executor_bridge_node]: ARM_ARRIVAL MoveLine: 잔차 0.27deg (손끝 0.9mm) / 대기 0.02s
[bridge]  [INFO] [1789457048.625402106] [sim_executor_bridge_node]: MOVELINE_END_ERR: along=-0.6mm lateral=0.3mm |err|=0.7mm (명령 33mm, BASE)
[bridge]  [INFO] [1789457048.625750351] [sim_executor_bridge_node]: MoveLine 실이동 32.0mm / 명령 33mm
[bridge]  [INFO] [1789457048.626075559] [sim_executor_bridge_node]: MoveLine ok: 33mm / 17 steps / 계획 0.82s 실소요 2.82s (worst step joint delta 0.3deg)
[planner] [INFO] [1789457048.662134256] [curobo_planner_node]: 3 close gripper + verify grasp
[bridge]  [INFO] [1789457048.663332443] [sim_executor_bridge_node]: SetPosition called to 700
[bridge]  [INFO] [1789457048.666959260] [sim_executor_bridge_node]: GRASP_JUDGE 줄기기준 along=+14.9mm(조우 -6~27) lateral=4.3mm(허용20) | 과실기준 d_tcp=36.8mm -> CONTACT
[bridge]  [INFO] [1789457048.667253127] [sim_executor_bridge_node]: GRASP_ATTACH 과실 (31, 783, 502)mm -> /sim/grasp_event
[planner] [INFO] [1789457049.063281851] [curobo_planner_node]: VERIFY_GRASP: GRASP_CONTACT_DETECTED present_pos=670 current_raw=200 — jaw stopped before calibrated contact threshold (pos=670 <= 685); position-based grasp detected
[planner] [INFO] [1789457049.063819906] [curobo_planner_node]: 4 detach pull — BASE -Z 40mm at 50mm/s
[bridge]  [INFO] [1789457049.064908118] [sim_executor_bridge_node]: MoveLine called (pos=[  0.   0. -40.   0.   0.   0.], ref=0, mode=1)
[bridge]  [INFO] [1789457052.482257839] [sim_executor_bridge_node]: ARM_ARRIVAL MoveLine: 잔차 0.23deg (손끝 0.3mm) / 대기 0.14s
[bridge]  [INFO] [1789457052.482765874] [sim_executor_bridge_node]: MOVELINE_END_ERR: along=+0.1mm lateral=0.2mm |err|=0.3mm (명령 40mm, BASE)
[bridge]  [INFO] [1789457052.482926029] [sim_executor_bridge_node]: MoveLine 실이동 40.1mm / 명령 40mm
[bridge]  [INFO] [1789457052.483069107] [sim_executor_bridge_node]: MoveLine ok: 40mm / 20 steps / 계획 0.80s 실소요 3.42s (worst step joint delta 0.8deg)
[planner] [INFO] [1789457052.520474220] [curobo_planner_node]: DETACH_PULL_DOWN: BASE -Z 40mm -> OK
[planner] [INFO] [1789457052.520974110] [curobo_planner_node]: RETREAT TOOL -Z 45.0mm vel=80.0mm/s
[bridge]  [INFO] [1789457052.522268057] [sim_executor_bridge_node]: MoveLine called (pos=[  0.   0. -45.   0.   0.   0.], ref=1, mode=1)
[bridge]  [INFO] [1789457055.786023821] [sim_executor_bridge_node]: ARM_ARRIVAL MoveLine: 잔차 0.28deg (손끝 2.0mm) / 대기 0.04s
[bridge]  [INFO] [1789457055.786813667] [sim_executor_bridge_node]: MOVELINE_END_ERR: along=-1.9mm lateral=0.5mm |err|=2.0mm (명령 45mm, TOOL)
[bridge]  [INFO] [1789457055.787024332] [sim_executor_bridge_node]: MoveLine 실이동 43.1mm / 명령 45mm
[bridge]  [INFO] [1789457055.787177004] [sim_executor_bridge_node]: MoveLine ok: 45mm / 23 steps / 계획 0.56s 실소요 3.26s (worst step joint delta 0.3deg)
[planner] [WARN] [1789457056.127135670] [curobo_planner_node]: TAUGHT_TRAY_GRID_PLACE active: slot=6; fixed tray pose only; marker localization is bypassed
[planner] [INFO] [1789457056.135453887] [curobo_planner_node]: TAUGHT_TRAY_SLOT6_ABOVE generated from Slot0 FK + grid offset: clearance=120mm goal_mm=[519.9, -38.5, 185.6]
[planner] [INFO] [1789457056.186232682] [curobo_planner_node]: Operation speed set to 100%
[planner] [INFO] [1789457057.385059658] [curobo_planner_node]: Plan OK 1198ms 47pts 0.84s | goal=['520', '-38', '186']mm | end_J=[-10.3, 31.3, 123.1, 159.3, 65.5, 101.6]deg
[planner] [INFO] [1789457057.385742618] [curobo_planner_node]: Spline 12pts plan=0.84s exec=0.73s -> end=['-10.3', '31.3', '123.1', '159.3', '65.5', '101.6']deg
[bridge]  [INFO] [1789457057.387060096] [sim_executor_bridge_node]: MoveSplineJoint called with 12 points
[bridge]  [INFO] [1789457058.582682908] [sim_executor_bridge_node]: ARM_ARRIVAL MoveSpline: 잔차 0.28deg (손끝 1.7mm) / 대기 0.38s
[bridge]  [INFO] [1789457058.583085918] [sim_executor_bridge_node]: MoveSpline ok: 12 pts / 0.80s -> end=[-10.3 31.3 123.1 159.3 65.5 101.6]deg
[planner] [INFO] [1789457058.588089970] [curobo_planner_node]: TAUGHT_SLOT0_RELEASE_DESCEND BASE -Z 120mm
[planner] [INFO] [1789457058.588538402] [curobo_planner_node]: TAUGHT_SLOT0_RELEASE_DESCEND BASE REL xyz=[np.float64(0.0), np.float64(0.0), np.float64(-120.0)]mm dist=120.0mm vel=40.0mm/s
[bridge]  [INFO] [1789457058.589530648] [sim_executor_bridge_node]: MoveLine called (pos=[   0.    0. -120.    0.    0.    0.], ref=0, mode=1)
[bridge]  [INFO] [1789457058.591486972] [sim_executor_bridge_node]: MoveLine 120mm: 60 -> 24 steps (5.0mm/step, 자유공간 이송)
[bridge]  [INFO] [1789457063.606664797] [sim_executor_bridge_node]: ARM_ARRIVAL MoveLine: 잔차 0.25deg (손끝 1.4mm) / 대기 0.08s
[bridge]  [INFO] [1789457063.609021719] [sim_executor_bridge_node]: MOVELINE_END_ERR: along=-1.4mm lateral=0.1mm |err|=1.4mm (명령 120mm, BASE)
[bridge]  [INFO] [1789457063.609184062] [sim_executor_bridge_node]: MoveLine 실이동 118.6mm / 명령 120mm
[bridge]  [INFO] [1789457063.609328317] [sim_executor_bridge_node]: MoveLine ok: 120mm / 24 steps / 계획 2.00s 실소요 5.02s (worst step joint delta 0.9deg)
[planner] [WARN] [1789457063.648282929] [curobo_planner_node]: TAUGHT_TRAY_SLOT6_PLACE_RELEASE: position_cmd=600
[bridge]  [INFO] [1789457063.649531337] [sim_executor_bridge_node]: SetPosition called to 600
[bridge]  [INFO] [1789457063.649839355] [sim_executor_bridge_node]: GRASP_RELEASE -> /sim/grasp_event
[planner] [INFO] [1789457063.699069283] [curobo_planner_node]: TAUGHT_SLOT0_RELEASE_ASCEND joint-space return to above pose (avoid raw BASE +Z branch/limit jump after release)
[planner] [INFO] [1789457064.779695456] [curobo_planner_node]: Plan OK 1080ms 31pts 0.56s | goal=['520', '-38', '186']mm | end_J=[-10.3, 31.3, 123.1, 159.3, 65.5, 101.6]deg
[planner] [INFO] [1789457064.781579670] [curobo_planner_node]: Spline 12pts plan=0.56s exec=0.58s -> end=['-10.3', '31.3', '123.1', '159.3', '65.5', '101.6']deg
[bridge]  [INFO] [1789457064.782461965] [sim_executor_bridge_node]: MoveSplineJoint called with 12 points
[bridge]  [INFO] [1789457065.632510079] [sim_executor_bridge_node]: ARM_ARRIVAL MoveSpline: 잔차 0.27deg (손끝 1.5mm) / 대기 0.26s
[bridge]  [INFO] [1789457065.632713381] [sim_executor_bridge_node]: MoveSpline ok: 12 pts / 0.58s -> end=[-10.3 31.3 123.1 159.3 65.5 101.6]deg
[planner] [WARN] [1789457065.634204726] [curobo_planner_node]: TAUGHT_TRAY_SLOT_SEQUENCE: slot 6 -> 7 (sequence=[0, 1, 3, 4, 6, 7, 9, 10])
[planner] [INFO] [1789457065.634649703] [curobo_planner_node]: 7 return to pick-start scan pose
[planner] [INFO] [1789457067.224989031] [curobo_planner_node]: pick-start scan pose after pick/place JS Plan OK 1589ms 63pts 1.14s | goal=['129.1', '-28.0', '104.4', '279.8', '42.0', '-15.8']deg
[planner] [INFO] [1789457067.225795962] [curobo_planner_node]: Spline 12pts plan=1.14s exec=0.99s -> end=['129.1', '-28.0', '104.4', '279.8', '42.0', '-15.8']deg
[bridge]  [INFO] [1789457067.226990936] [sim_executor_bridge_node]: MoveSplineJoint called with 12 points
[bridge]  [INFO] [1789457068.795351128] [sim_executor_bridge_node]: ARM_ARRIVAL MoveSpline: 잔차 0.24deg (손끝 1.6mm) / 대기 0.38s
[bridge]  [INFO] [1789457068.795739242] [sim_executor_bridge_node]: MoveSpline ok: 12 pts / 1.16s -> end=[129.1 -28.0 104.4 279.8 42.0 -15.8]deg
[bridge]  [INFO] [1789457068.829320063] [sim_executor_bridge_node]: SetPosition called to 600
[planner] [INFO] [1789457068.879183853] [curobo_planner_node]: === PICK COMPLETE (DETACH_SUCCESS_UNVERIFIED) ===
[scan]    [INFO] [1789457068.880663084] [scan_executor_node]: PICK_ATTEMPT_DONE root/sw/ne 1/1 — planner sequence ended (success is verified by gripper/manual KPI, not this Empty topic)
[scan]    [INFO] [1789457068.880975636] [scan_executor_node]: PICK_ATTEMPT_SETTLE 1.0s before next target
[scan]    [INFO] [1789457069.881920858] [scan_executor_node]: PICK_SEQUENCE_DONE root/sw/ne — 1/1 attempted
[scan]    [INFO] [1789457069.882332851] [scan_executor_node]: CELL_RESCAN_AFTER_PICK root/sw pass=1 — checking remaining targets
[scan]    [INFO] [1789457069.882627193] [scan_executor_node]: MOVING_TO root/sw  endpoint_deg=[150.3 -11.9 109.1 -97.8 63.3 10.5]  (direct MoveJoint, YAML pose)
[scan]    [INFO] [1789457069.882832105] [scan_executor_node]: Joint equivalent rewrite J4 -97.8 -> 262.2 deg (current 279.8, shorter by 360.0 deg)
[scan]    [INFO] [1789457069.883030133] [scan_executor_node]: Joint equivalent rewrite J4 -97.8 -> 262.2 deg (current 279.8, shorter by 360.0 deg)
[bridge]  [INFO] [1789457069.884125489] [sim_executor_bridge_node]: MoveJoint called to [150.3, -11.9, 109.1, 262.2, 63.3, 10.5] (vel=120 acc=180 time=0.00)
[bridge]  [WARN] [1789457069.884551758] [sim_executor_bridge_node]: MOVEJ_OVER_DOOSAN_MOVEIT J1 acc 145>120 — 두산 공식 MoveIt 설정 초과, 자르지 않고 실행
[bridge]  [INFO] [1789457070.648787153] [sim_executor_bridge_node]: MoveJoint profile: span 26.2deg / 0.76s (153 steps)
[bridge]  [INFO] [1789457070.850566435] [sim_executor_bridge_node]: ARM_ARRIVAL MoveJoint: 잔차 0.26deg (손끝 1.6mm) / 대기 0.20s
[scan]    [INFO] [1789457070.884669550] [scan_executor_node]: MoveJoint response: success=True  target=[150.3 -11.9 109.1 262.2 63.3 10.5]  vel=120.0  acc=180.0
[scan]    [INFO] [1789457070.885048447] [scan_executor_node]: AT_SCAN_POSE root/sw joints_deg=[150.1 -12.0 109.1 262.3 63.2 10.3] — adaptive detection wait up to 3.0s
[scan]    [INFO] [1789457073.889441567] [scan_executor_node]: SCANNED_EMPTY root/sw no detection in dwell window
[scan]    [INFO] [1789457073.889839052] [scan_executor_node]: RETURNING_TO_OVERVIEW
[bridge]  [INFO] [1789457073.890940480] [sim_executor_bridge_node]: MoveJoint called to [88.0, -94.9, 129.9, 175.9, -31.3, 93.4] (vel=120 acc=180 time=0.00)
[bridge]  [WARN] [1789457073.891359162] [sim_executor_bridge_node]: MOVEJ_OVER_DOOSAN_MOVEIT J2 acc 158>120 — 두산 공식 MoveIt 설정 초과, 자르지 않고 실행
[bridge]  [INFO] [1789457075.347603221] [sim_executor_bridge_node]: MoveJoint profile: span 94.7deg / 1.46s (292 steps)
[bridge]  [INFO] [1789457075.552684213] [sim_executor_bridge_node]: ARM_ARRIVAL MoveJoint: 잔차 0.29deg (손끝 1.5mm) / 대기 0.20s
[scan]    [INFO] [1789457075.592919647] [scan_executor_node]: MoveJoint response: success=True  target=[88.0 -94.9 129.9 175.9 -31.3 93.4]  vel=120.0  acc=180.0
[scan]    [INFO] [1789457075.593463828] [scan_executor_node]: AT_OVERVIEW joints_deg=[88.1 -94.7 129.9 176.1 -31.2 93.3]
[scan]    [INFO] [1789457075.593890704] [scan_executor_node]: HARVEST_PRIORITY_ORDER root/nw:3  root/ne:3  root/se:0  root/sw:0
[scan]    [INFO] [1789457075.594279296] [scan_executor_node]: SCAN_COMPLETE
[scan]    [INFO] [1789457075.594923188] [scan_executor_node]: READY_FOR_NEXT_START
[bridge]  Traceback (most recent call last):
[bridge]    File "/home/oceanshape/strawberry_grasp_environment/install/strawberry_sim_core/lib/strawberry_sim_core/sim_executor_bridge_node", line 33, in <module>
[bridge]      sys.exit(load_entry_point('strawberry-sim-core==0.0.0', 'console_scripts', 'sim_executor_bridge_node')())
[bridge]    File "/home/oceanshape/strawberry_grasp_environment/install/strawberry_sim_core/lib/python3.10/site-packages/strawberry_sim_core/sim_executor_bridge_node.py", line 1151, in main
[bridge]      rclpy.shutdown()
[bridge]    File "/opt/ros/humble/local/lib/python3.10/dist-packages/rclpy/__init__.py", line 130, in shutdown
[bridge]      _shutdown(context=context)
[bridge]    File "/opt/ros/humble/local/lib/python3.10/dist-packages/rclpy/utilities.py", line 58, in shutdown
[bridge]      return context.shutdown()
[bridge]    File "/opt/ros/humble/local/lib/python3.10/dist-packages/rclpy/context.py", line 102, in shutdown
[bridge]      self.__context.shutdown()
[bridge]  rclpy._rclpy_pybind11.RCLError: failed to shutdown: rcl_shutdown already called on the given context, at ./src/rcl/init.c:241
[vision]  Traceback (most recent call last):
[vision]    File "/home/oceanshape/strawberry_grasp_environment/install/strawberry_sim_core/lib/strawberry_sim_core/fake_vision_node", line 33, in <module>
[vision]      sys.exit(load_entry_point('strawberry-sim-core==0.0.0', 'console_scripts', 'fake_vision_node')())
[vision]    File "/home/oceanshape/strawberry_grasp_environment/install/strawberry_sim_core/lib/python3.10/site-packages/strawberry_sim_core/fake_vision_node.py", line 161, in main
[vision]      rclpy.spin(node)
[vision]    File "/opt/ros/humble/local/lib/python3.10/dist-packages/rclpy/__init__.py", line 229, in spin
[vision]      executor.spin_once()
[vision]    File "/opt/ros/humble/local/lib/python3.10/dist-packages/rclpy/executors.py", line 808, in spin_once
[vision]      self._spin_once_impl(timeout_sec)
[vision]    File "/opt/ros/humble/local/lib/python3.10/dist-packages/rclpy/executors.py", line 797, in _spin_once_impl
[vision]      handler, entity, node = self.wait_for_ready_callbacks(timeout_sec=timeout_sec)
[vision]    File "/opt/ros/humble/local/lib/python3.10/dist-packages/rclpy/executors.py", line 780, in wait_for_ready_callbacks
[vision]      return next(self._cb_iter)
[vision]    File "/opt/ros/humble/local/lib/python3.10/dist-packages/rclpy/executors.py", line 681, in _wait_for_ready_callbacks
[vision]      raise ExternalShutdownException()
[vision]  rclpy.executors.ExternalShutdownException
[planner] Traceback (most recent call last):
[planner]   File "/home/oceanshape/strawberry_grasp_environment/src/strawberry_motion/scripts/curobo_planner_node.py", line 1091, in <module>
[planner]     main()
[planner]   File "/home/oceanshape/strawberry_grasp_environment/src/strawberry_motion/scripts/curobo_planner_node.py", line 1081, in main
[planner]     executor.spin()
[planner]   File "/opt/ros/humble/local/lib/python3.10/dist-packages/rclpy/executors.py", line 323, in spin
[planner]     self.spin_once()
[planner]   File "/opt/ros/humble/local/lib/python3.10/dist-packages/rclpy/executors.py", line 863, in spin_once
[planner]     self._spin_once_impl(timeout_sec)
[planner]   File "/opt/ros/humble/local/lib/python3.10/dist-packages/rclpy/executors.py", line 844, in _spin_once_impl
[planner]     handler, entity, node = self.wait_for_ready_callbacks(
[planner]   File "/opt/ros/humble/local/lib/python3.10/dist-packages/rclpy/executors.py", line 780, in wait_for_ready_callbacks
[planner]     return next(self._cb_iter)
[planner]   File "/opt/ros/humble/local/lib/python3.10/dist-packages/rclpy/executors.py", line 653, in _wait_for_ready_callbacks
[planner]     wait_set = _rclpy.WaitSet(
[planner] rclpy._rclpy_pybind11.RCLError: failed to initialize wait set: the given context is not valid, either rcl_init() was not called or rcl_shutdown() was called., at ./src/rcl/wait.c:130

[run_nodes] 종료 중 — 노드 4개를 모두 정리한다.
[run_nodes] 남은 노드 없음. 로그: /home/oceanshape/strawberry_grasp_environment/run_logs/20260915_162020
[run_nodes] Isaac Sim 은 그대로다. 재실행 전 Stop → 씬 재로드 → 브릿지 Run → Play.
